episode_id,avg_score_raw,rank_raw,avg_score_clean,rank_clean,rank_changed
102062874,2955.624277,36.0,2955.624277,36.0,False
102065094,2738.490357,249.0,2738.490357,249.0,False
102065135,2962.225696,35.0,2962.225696,35.0,False
102065292,2842.747325,88.0,2842.747325,88.0,False
102067349,2773.822431,175.0,2773.822431,175.0,False
102067390,2943.526304,37.0,2943.526304,37.0,False
102067613,2816.573065,116.0,2816.573065,116.0,False
102069591,2726.151241,281.0,2726.151241,281.0,False
102069628,3012.887642,18.0,3012.887642,18.0,False
102071863,2968.462061,28.0,2968.462061,28.0,False
102074098,2969.056239,27.0,2969.056239,27.0,False
102074201,2795.814838,142.0,2795.814838,142.0,False
102076300,2728.660903,269.0,2728.660903,269.0,False
102076339,3018.118538,8.0,3018.118538,8.0,False
102076547,2830.277946,99.0,2830.277946,99.0,False
102078489,2741.174491,239.0,2741.174491,239.0,False
102078531,2762.372728,194.0,2762.372728,194.0,False
102078571,2971.793,22.0,2971.793,22.0,False
102080719,2753.571843,210.0,2753.571843,210.0,False
102080767,2734.178213,257.0,2734.178213,257.0,False
102080807,2974.458816,20.0,2974.458816,20.0,False
102080904,2726.676179,277.0,2726.676179,277.0,False
102082949,2733.530491,258.0,2733.530491,258.0,False
102082990,2747.816425,221.0,2747.816425,221.0,False
102083031,3021.279202,3.0,3021.279202,3.0,False
102083124,2840.323917,90.0,2840.323917,90.0,False
102083125,2838.504017,91.0,2838.504017,91.0,False
102083134,2800.28688,132.0,2800.28688,132.0,False
102083141,2733.309025,259.0,2733.309025,259.0,False
102083142,2769.338971,183.0,2769.338971,183.0,False
102085185,2777.615501,170.0,2777.615501,170.0,False
102085230,2742.100819,235.0,2742.100819,235.0,False
102085269,2970.618372,25.0,2970.618372,25.0,False
102085373,2774.665251,173.0,2774.665251,173.0,False
102087420,2766.460309,186.0,2766.460309,186.0,False
102087512,2970.959009,24.0,2970.959009,24.0,False
102089656,2792.462824,148.0,2792.462824,148.0,False
102089752,3018.739006,6.0,3018.739006,6.0,False
102091898,2868.938208,71.0,2868.938208,71.0,False
102091987,3019.14529,5.0,3019.14529,5.0,False
102092108,2853.556254,86.0,2853.556254,86.0,False
102092148,2791.513301,151.0,2791.513301,151.0,False
102094145,2827.491976,104.0,2827.491976,104.0,False
102094187,2740.021572,243.0,2740.021572,243.0,False
102094229,2969.597005,26.0,2969.597005,26.0,False
102096385,2843.148864,87.0,2843.148864,87.0,False
102096426,2757.006556,203.0,2757.006556,203.0,False
102096467,2967.540665,30.0,2967.540665,30.0,False
102098619,2831.422189,96.0,2831.422189,96.0,False
102098706,2971.004839,23.0,2971.004839,23.0,False
102100863,2842.564476,89.0,2842.564476,89.0,False
102100900,2781.866054,165.0,2781.866054,165.0,False
102100943,3014.110943,14.0,3014.110943,14.0,False
102103096,2818.101072,113.0,2818.101072,113.0,False
102103137,2783.223055,162.0,2783.223055,162.0,False
102103185,3013.955514,15.0,3013.955514,15.0,False
102103307,2824.614235,105.0,2824.614235,105.0,False
102105333,2806.176326,126.0,2806.176326,126.0,False
102105487,3013.846395,16.0,3013.846395,16.0,False
102107558,2856.248721,84.0,2856.248721,84.0,False
102107602,2773.463353,176.0,2773.463353,176.0,False
102109791,2861.584837,81.0,2861.584837,81.0,False
102109835,2753.615543,209.0,2753.615543,209.0,False
102109920,2739.33208,247.0,2739.33208,247.0,False
102112026,2863.675399,79.0,2863.675399,79.0,False
102112156,2729.716055,268.0,2729.716055,268.0,False
102114263,2902.375722,53.0,2902.375722,53.0,False
102114301,2782.292956,163.0,2782.292956,163.0,False
102114403,2753.541669,211.0,2753.541669,211.0,False
102116499,2858.171229,82.0,2858.171229,82.0,False
102116537,2750.32599,217.0,2750.32599,217.0,False
102118731,2866.23849,76.0,2866.23849,76.0,False
102118765,2786.972038,155.0,2786.972038,155.0,False
102118885,2722.438469,295.0,2722.438469,295.0,False
102120962,2882.428979,60.0,2882.428979,60.0,False
102121175,2884.088149,59.0,2884.088149,59.0,False
102123196,2856.234659,85.0,2856.234659,85.0,False
102123231,2770.275049,180.0,2770.275049,180.0,False
102125420,2828.563804,102.0,2828.563804,102.0,False
102125461,2801.101754,130.0,2801.101754,130.0,False
102125565,3013.778667,17.0,3013.778667,17.0,False
102125609,2784.939183,159.0,2784.939183,159.0,False
102125611,2810.548433,121.0,2810.548433,121.0,False
102127660,2870.240976,68.0,2870.240976,68.0,False
102127706,2795.972503,141.0,2795.972503,141.0,False
102127848,2906.073028,52.0,2906.073028,52.0,False
102129891,2867.841004,72.0,2867.841004,72.0,False
102129938,2771.581201,179.0,2771.581201,179.0,False
102132133,2869.473787,70.0,2869.473787,70.0,False
102132184,2798.905937,135.0,2798.905937,135.0,False
102132232,2724.385867,288.0,2724.385867,288.0,False
102134373,2889.677604,56.0,2889.677604,56.0,False
102134417,2804.626659,129.0,2804.626659,129.0,False
102136602,2863.153308,80.0,2863.153308,80.0,False
102136647,2775.506828,172.0,2775.506828,172.0,False
102138834,2913.322016,50.0,2913.322016,50.0,False
102138878,2780.61851,166.0,2780.61851,166.0,False
102141061,2925.938614,38.0,2925.938614,38.0,False
102141112,2819.50848,111.0,2819.50848,111.0,False
102143303,2874.251592,64.0,2874.251592,64.0,False
102143350,2823.042582,106.0,2823.042582,106.0,False
102143381,2753.210113,214.0,2753.210113,214.0,False
102143389,2722.478013,293.0,2722.478013,293.0,False
102145554,2874.792503,63.0,2874.792503,63.0,False
102145645,2732.681932,261.0,2732.681932,261.0,False
102145702,2804.834045,128.0,2804.834045,128.0,False
102147795,2869.658123,69.0,2869.658123,69.0,False
102147918,2722.352379,296.0,2722.352379,296.0,False
102150079,2962.542336,34.0,2962.542336,34.0,False
102150172,2745.376726,226.0,2745.376726,226.0,False
102152262,2913.960287,49.0,2913.960287,49.0,False
102154496,2863.817312,78.0,2863.817312,78.0,False
102156730,2856.954653,83.0,2856.954653,83.0,False
102158975,2865.041546,77.0,2865.041546,77.0,False
102161236,2874.063727,65.0,2874.063727,65.0,False
102161315,3015.45601,10.0,3015.45601,10.0,False
102163446,2867.35746,73.0,2867.35746,73.0,False
102165685,2925.762816,39.0,2925.762816,39.0,False
102167933,2894.757938,54.0,2894.757938,54.0,False
102167964,2793.616195,146.0,2793.616195,146.0,False
102170159,2871.680848,66.0,2871.680848,66.0,False
102170215,2785.769072,158.0,2785.769072,158.0,False
102174685,2763.705194,191.0,2763.705194,191.0,False
102174696,2759.678095,199.0,2759.678095,199.0,False
102179150,2818.340297,112.0,2818.340297,112.0,False
102181384,2742.964693,232.0,2742.964693,232.0,False
102183636,2785.78503,157.0,2785.78503,157.0,False
102188127,2763.224943,193.0,2763.224943,193.0,False
102190128,2739.664189,246.0,2739.664189,246.0,False
102190210,2727.411745,272.0,2727.411745,272.0,False
102192503,2924.12843,41.0,2924.12843,41.0,False
102192548,2891.507563,55.0,2891.507563,55.0,False
102199146,2724.501168,287.0,2724.501168,287.0,False
102201381,2729.794992,267.0,2729.794992,267.0,False
102201436,2821.449665,108.0,2821.449665,108.0,False
102201446,3015.45601,10.0,3015.45601,10.0,False
102201447,3015.45601,10.0,3015.45601,10.0,False
102203688,2810.94153,119.0,2810.94153,119.0,False
102205861,2737.511967,251.0,2737.511967,251.0,False
102208023,2727.152819,273.0,2727.152819,273.0,False
102210423,2828.629461,101.0,2828.629461,101.0,False
102216977,2731.879978,263.0,2731.879978,263.0,False
102217095,2813.625793,117.0,2813.625793,117.0,False
102217145,2796.984694,139.0,2796.984694,139.0,False
102226065,2924.17713,40.0,2924.17713,40.0,False
102228276,2831.421089,97.0,2831.421089,97.0,False
102232763,2798.624396,136.0,2798.624396,136.0,False
102237133,2723.797186,290.0,2723.797186,290.0,False
102237246,2921.785688,45.0,2921.785688,45.0,False
102243909,2746.658372,222.0,2746.658372,222.0,False
102248383,2835.950468,93.0,2835.950468,93.0,False
102248386,2964.485989,32.0,2964.485989,32.0,False
102248387,3015.45601,10.0,3015.45601,10.0,False
102250622,2783.939024,160.0,2783.939024,160.0,False
102252783,2725.704004,282.0,2725.704004,282.0,False
102259500,2807.421276,125.0,2807.421276,125.0,False
102261664,2722.472206,294.0,2722.472206,294.0,False
102266215,2756.314482,204.0,2756.314482,204.0,False
102266222,2812.005049,118.0,2812.005049,118.0,False
102266223,2810.1169,122.0,2810.1169,122.0,False
102266227,2866.305249,75.0,2866.305249,75.0,False
102270520,2727.085655,274.0,2727.085655,274.0,False
102279559,2738.434172,250.0,2738.434172,250.0,False
102279571,2836.873729,92.0,2836.873729,92.0,False
102279573,2774.662543,174.0,2774.662543,174.0,False
102281687,2765.740477,188.0,2765.740477,188.0,False
102283928,2743.53068,231.0,2743.53068,231.0,False
102286171,2760.992005,197.0,2760.992005,197.0,False
102288403,2753.45251,212.0,2753.45251,212.0,False
102288473,2918.268726,48.0,2918.268726,48.0,False
102288474,2923.854665,42.0,2923.854665,42.0,False
102292878,2798.536027,138.0,2798.536027,138.0,False
102292975,2721.635225,300.0,2721.635225,300.0,False
102293010,2732.479362,262.0,2732.479362,262.0,False
102295115,2730.947468,266.0,2730.947468,266.0,False
102297351,2752.974746,215.0,2752.974746,215.0,False
102297452,2822.867065,107.0,2822.867065,107.0,False
102297453,2820.310493,110.0,2820.310493,110.0,False
102297456,2973.995197,21.0,2973.995197,21.0,False
102297457,3017.066273,9.0,3017.066273,9.0,False
102299586,2731.737469,264.0,2731.737469,264.0,False
102301827,2753.25452,213.0,2753.25452,213.0,False
102304072,2793.400467,147.0,2793.400467,147.0,False
102306309,2800.580137,131.0,2800.580137,131.0,False
102308540,2794.841153,143.0,2794.841153,143.0,False
102310772,2745.430452,225.0,2745.430452,225.0,False
102313016,2745.336482,228.0,2745.336482,228.0,False
102313119,2739.926857,245.0,2739.926857,245.0,False
102315338,2798.562398,137.0,2798.562398,137.0,False
102321903,2726.20374,280.0,2726.20374,280.0,False
102326376,2727.083935,275.0,2727.083935,275.0,False
102326536,2799.460922,134.0,2799.460922,134.0,False
102326537,2829.249219,100.0,2829.249219,100.0,False
102328615,2722.339965,298.0,2722.339965,298.0,False
102330847,2735.128784,256.0,2735.128784,256.0,False
102330861,2722.974118,292.0,2722.974118,292.0,False
102333093,2733.053225,260.0,2733.053225,260.0,False
102335330,2740.355658,241.0,2740.355658,241.0,False
102335390,2742.499487,233.0,2742.499487,233.0,False
102337566,2780.309133,168.0,2780.309133,168.0,False
102337576,2727.847994,271.0,2727.847994,271.0,False
102337637,2746.594768,223.0,2746.594768,223.0,False
102337643,2918.505522,46.0,2918.505522,46.0,False
102337644,2922.222948,43.0,2922.222948,43.0,False
102337681,2767.720147,185.0,2767.720147,185.0,False
102339808,2739.963861,244.0,2739.963861,244.0,False
102339821,2728.321522,270.0,2728.321522,270.0,False
102342025,2778.434379,169.0,2778.434379,169.0,False
102342029,2726.559407,278.0,2726.559407,278.0,False
102342039,2736.226342,253.0,2736.226342,253.0,False
102342115,2831.355468,98.0,2831.355468,98.0,False
102344282,2735.239619,255.0,2735.239619,255.0,False
102344368,2792.415612,149.0,2792.415612,149.0,False
102346485,2741.98282,236.0,2741.98282,236.0,False
102346518,2765.794553,187.0,2765.794553,187.0,False
102346578,2805.043359,127.0,2805.043359,127.0,False
102346579,2963.409926,33.0,2963.409926,33.0,False
102346581,3018.69799,7.0,3018.69799,7.0,False
102355428,2722.343761,297.0,2722.343761,297.0,False
102357672,2725.065841,283.0,2725.065841,283.0,False
102359915,2764.538488,189.0,2764.538488,189.0,False
102362150,2761.550175,196.0,2761.550175,196.0,False
102364469,2724.8985,285.0,2724.8985,285.0,False
102366622,2763.509633,192.0,2763.509633,192.0,False
102366678,2736.902971,252.0,2736.902971,252.0,False
102366712,2753.709242,207.0,2753.709242,207.0,False
102375637,2773.358777,178.0,2773.358777,178.0,False
102375638,2833.056619,94.0,2833.056619,94.0,False
102375639,2763.921886,190.0,2763.921886,190.0,False
102386737,2796.294793,140.0,2796.294793,140.0,False
102386801,2922.11099,44.0,2922.11099,44.0,False
102386803,2918.476379,47.0,2918.476379,47.0,False
102389026,2746.498989,224.0,2746.498989,224.0,False
102391046,2724.008828,289.0,2724.008828,289.0,False
102391261,2753.704917,208.0,2753.704917,208.0,False
102391265,2867.29398,74.0,2867.29398,74.0,False
102391270,2775.598717,171.0,2775.598717,171.0,False
102393491,2808.112376,124.0,2808.112376,124.0,False
102395687,2780.340484,167.0,2780.340484,167.0,False
102397877,2968.098325,29.0,2968.098325,29.0,False
102397878,3020.199013,4.0,3020.199013,4.0,False
102408936,2738.618893,248.0,2738.618893,248.0,False
102409112,2787.062683,154.0,2787.062683,154.0,False
102411290,2760.023782,198.0,2760.023782,198.0,False
102418040,2793.666182,145.0,2793.666182,145.0,False
102426833,2724.861693,286.0,2724.861693,286.0,False
102426916,2782.079647,164.0,2782.079647,164.0,False
102426925,2887.345166,57.0,2887.345166,57.0,False
102426928,2833.056619,94.0,2833.056619,94.0,False
102431396,2768.992747,184.0,2768.992747,184.0,False
102431414,2724.920876,284.0,2724.920876,284.0,False
102433555,2757.536575,202.0,2757.536575,202.0,False
102440263,2752.722274,216.0,2752.722274,216.0,False
102440331,2758.300319,201.0,2758.300319,201.0,False
102442511,2754.298856,206.0,2754.298856,206.0,False
102442578,2877.237503,62.0,2877.237503,62.0,False
102444750,2740.084296,242.0,2740.084296,242.0,False
102444817,2816.740697,115.0,2816.740697,115.0,False
102446982,2745.365367,227.0,2745.365367,227.0,False
102449216,2758.762787,200.0,2758.762787,200.0,False
102449276,2977.055088,19.0,2977.055088,19.0,False
102449280,2907.401592,51.0,2907.401592,51.0,False
102449287,2966.379548,31.0,2966.379548,31.0,False
102451456,2735.504266,254.0,2735.504266,254.0,False
102453701,2787.802204,153.0,2787.802204,153.0,False
102453789,2773.369212,177.0,2773.369212,177.0,False
102460289,2723.497779,291.0,2723.497779,291.0,False
102464773,2750.167787,218.0,2750.167787,218.0,False
102464917,2791.800065,150.0,2791.800065,150.0,False
102480562,2783.689658,161.0,2783.689658,161.0,False
102480563,2787.912829,152.0,2787.912829,152.0,False
102487150,2742.327977,234.0,2742.327977,234.0,False
102489476,2749.980517,219.0,2749.980517,219.0,False
102493982,2741.74826,237.0,2741.74826,237.0,False
102496081,2741.670872,238.0,2741.670872,238.0,False
102498220,2744.720592,230.0,2744.720592,230.0,False
102498438,2881.967844,61.0,2881.967844,61.0,False
102500674,2828.545417,103.0,2828.545417,103.0,False
102502613,2749.55438,220.0,2749.55438,220.0,False
102505139,2886.880204,58.0,2886.880204,58.0,False
102505140,3024.648527,1.0,3024.648527,1.0,False
102505144,2871.670368,67.0,2871.670368,67.0,False
102505146,3024.648527,1.0,3024.648527,1.0,False
102509338,2731.613174,265.0,2731.613174,265.0,False
102509606,2769.576565,182.0,2769.576565,182.0,False
102511575,2744.789059,229.0,2744.789059,229.0,False
102513816,2754.889552,205.0,2754.889552,205.0,False
102516044,2740.733191,240.0,2740.733191,240.0,False
102518277,2794.444545,144.0,2794.444545,144.0,False
102518349,2722.252901,299.0,2722.252901,299.0,False
102520529,2726.240003,279.0,2726.240003,279.0,False
102520774,2810.723188,120.0,2810.723188,120.0,False
102522770,2799.739571,133.0,2799.739571,133.0,False
102524997,2786.363451,156.0,2786.363451,156.0,False
102527239,2769.795488,181.0,2769.795488,181.0,False
102527305,2762.036557,195.0,2762.036557,195.0,False
102529476,2809.793516,123.0,2809.793516,123.0,False
102529542,2727.007851,276.0,2727.007851,276.0,False
102531712,2818.067135,114.0,2818.067135,114.0,False
102533949,2820.711846,109.0,2820.711846,109.0,False
