episode_id,create_time,avg_score,min_score,sum_score,agent_count,size_bytes,crawl_date
102844256,2026-08-29T23:20:46.5556071,3026.224305,3020.037415,6052.44861,2,32132264,2026-08-29
102844254,2026-08-29T23:20:46.5544678,3026.224305,3024.471426,6052.44861,2,32527178,2026-08-29
102819708,2026-08-29T22:36:39.9661560,3026.224305,3023.392108,6052.44861,2,31340103,2026-08-29
102748473,2026-08-29T20:28:41.8483551,3024.648527,3015.01822,6049.297054,2,32081807,2026-08-29
102788602,2026-08-29T21:40:40.3403527,3024.648527,3015.496937,6049.297054,2,32246054,2026-08-29
102694947,2026-08-29T18:52:34.9475984,3024.648527,3023.800108,6049.297054,2,32233411,2026-08-29
102630221,2026-08-29T16:56:31.7391640,3024.648527,3023.581854,6049.297054,2,32287274,2026-08-29
102788601,2026-08-29T21:40:40.3390694,3024.648527,3019.831198,6049.297054,2,31295915,2026-08-29
102505140,2026-08-29T13:12:36.2174253,3024.648527,3018.399626,6049.297054,2,32265601,2026-08-29
102563171,2026-08-29T14:56:37.7695794,3024.648527,3018.658013,6049.297054,2,32085264,2026-08-29
102505146,2026-08-29T13:12:36.2267422,3024.648527,3023.098666,6049.297054,2,30471850,2026-08-29
102748471,2026-08-29T20:28:41.8461246,3024.648527,3019.33647,6049.297054,2,32045623,2026-08-29
102630220,2026-08-29T16:56:31.7380789,3024.648527,3018.899563,6049.297054,2,31615156,2026-08-29
102563172,2026-08-29T14:56:37.7711807,3024.648527,3023.348394,6049.297054,2,32171268,2026-08-29
102694950,2026-08-29T18:52:34.9525792,3024.648527,3019.125373,6049.297054,2,31963321,2026-08-29
102083031,2026-08-29T00:36:28.6182247,3021.279202,3017.834721,6042.558403,2,32065772,2026-08-29
102397878,2026-08-29T10:00:28.6533701,3020.199013,3019.941404,6040.398027,2,31954315,2026-08-29
102091987,2026-08-29T00:52:29.3428258,3019.14529,3017.758669,6038.29058,2,32056444,2026-08-29
102089752,2026-08-29T00:48:31.3113775,3018.739006,3015.118839,6037.478012,2,31900912,2026-08-29
102346581,2026-08-29T08:28:30.4478718,3018.69799,3012.818056,6037.395981,2,32130397,2026-08-29
102076339,2026-08-29T00:24:29.6770619,3018.118538,3013.065396,6036.237076,2,31666559,2026-08-29
102297457,2026-08-29T07:00:32.8360553,3017.066273,3013.999018,6034.132547,2,31346358,2026-08-29
102201447,2026-08-29T04:08:34.2445168,3015.45601,3005.210932,6030.912021,2,31220719,2026-08-29
102201446,2026-08-29T04:08:34.2427070,3015.45601,3001.050907,6030.912021,2,31908235,2026-08-29
102248387,2026-08-29T05:32:32.4981045,3015.45601,3006.026686,6030.912021,2,32207340,2026-08-29
102161315,2026-08-29T02:56:44.3149844,3015.45601,3009.508659,6030.912021,2,32107308,2026-08-29
102100943,2026-08-29T01:08:34.7077729,3014.110943,3013.145119,6028.221886,2,31397111,2026-08-29
102103185,2026-08-29T01:12:34.8571019,3013.955514,3010.246624,6027.911028,2,31990319,2026-08-29
102105487,2026-08-29T01:16:30.5244546,3013.846395,3005.660898,6027.692791,2,32164459,2026-08-29
102125565,2026-08-29T01:52:29.1218262,3013.778667,3001.301312,6027.557334,2,32097116,2026-08-29
102069628,2026-08-29T00:12:29.1611615,3012.887642,3008.231681,6025.775284,2,31240753,2026-08-29
102449276,2026-08-29T11:32:29.8061408,2977.055088,2927.644662,5954.110176,2,31206882,2026-08-29
102080807,2026-08-29T00:32:28.6451117,2974.458816,2918.101514,5948.917633,2,32268037,2026-08-29
102297456,2026-08-29T07:00:32.8328185,2973.995197,2930.727943,5947.990395,2,31651663,2026-08-29
102078571,2026-08-29T00:28:30.6390907,2971.793,2916.537878,5943.586,2,31048226,2026-08-29
102819709,2026-08-29T22:36:39.9660891,2971.492015,2924.335538,5942.98403,2,32415298,2026-08-29
102098706,2026-08-29T01:04:29.6543504,2971.004839,2931.954596,5942.009678,2,31098096,2026-08-29
102087512,2026-08-29T00:44:30.8151439,2970.959009,2921.368449,5941.918017,2,32123993,2026-08-29
102085269,2026-08-29T00:40:31.7057776,2970.618372,2924.454252,5941.236744,2,32126645,2026-08-29
102094229,2026-08-29T00:56:29.7584933,2969.597005,2925.879699,5939.19401,2,30335252,2026-08-29
102074098,2026-08-29T00:20:28.5732702,2969.056239,2921.00028,5938.112479,2,32013725,2026-08-29
102071863,2026-08-29T00:16:28.4625653,2968.462061,2924.132825,5936.924123,2,31622632,2026-08-29
102397877,2026-08-29T10:00:28.6518779,2968.098325,2912.817692,5936.19665,2,32335337,2026-08-29
102096467,2026-08-29T01:00:30.0076849,2967.540665,2918.275234,5935.08133,2,32000274,2026-08-29
102449287,2026-08-29T11:32:29.8122683,2966.379548,2909.927556,5932.759096,2,31480445,2026-08-29
102248386,2026-08-29T05:32:32.4778345,2964.485989,2919.724766,5928.971978,2,32331960,2026-08-29
102346579,2026-08-29T08:28:30.4467376,2963.409926,2910.99975,5926.819852,2,32181580,2026-08-29
102150079,2026-08-29T02:36:29.4588798,2962.542336,2920.430608,5925.084672,2,32293201,2026-08-29
102065135,2026-08-29T00:04:28.6633174,2962.225696,2927.373187,5924.451393,2,31380517,2026-08-29
102062874,2026-08-29T00:00:29.1312245,2955.624277,2919.467398,5911.248553,2,31103670,2026-08-29
102067390,2026-08-29T00:08:30.5328948,2943.526304,2885.763218,5887.052608,2,32257905,2026-08-29
102844281,2026-08-29T23:20:46.6074685,2928.442128,2925.004815,5856.884256,2,32080777,2026-08-29
102592229,2026-08-29T15:48:48.2121632,2926.630824,2913.316697,5853.261647,2,32082228,2026-08-29
102661454,2026-08-29T17:52:35.6346288,2926.191078,2917.393506,5852.382157,2,32044939,2026-08-29
102786270,2026-08-29T21:36:40.8986469,2926.176789,2920.623032,5852.353577,2,32241492,2026-08-29
102141061,2026-08-29T02:20:29.4723501,2925.938614,2912.062288,5851.877228,2,30849919,2026-08-29
102165685,2026-08-29T03:04:29.7320368,2925.762816,2916.676245,5851.525633,2,30966530,2026-08-29
102226065,2026-08-29T04:52:29.4222575,2924.17713,2923.040326,5848.354259,2,31284729,2026-08-29
102192503,2026-08-29T03:52:31.0005423,2924.12843,2918.257442,5848.256861,2,30426038,2026-08-29
102288474,2026-08-29T06:44:33.2203128,2923.854665,2913.717954,5847.70933,2,31347689,2026-08-29
102337644,2026-08-29T08:12:36.4404323,2922.222948,2918.492888,5844.445896,2,30938241,2026-08-29
102386801,2026-08-29T09:40:28.6075631,2922.11099,2916.750727,5844.22198,2,30988945,2026-08-29
102237246,2026-08-29T05:12:33.5101136,2921.785688,2913.881341,5843.571375,2,30559023,2026-08-29
102576520,2026-08-29T15:20:38.4071014,2921.314953,2905.585059,5842.629907,2,32121133,2026-08-29
102578775,2026-08-29T15:24:36.7303964,2920.426872,2899.841752,5840.853745,2,32103215,2026-08-29
102337643,2026-08-29T08:12:36.4398266,2918.505522,2914.001796,5837.011045,2,32252372,2026-08-29
102386803,2026-08-29T09:40:28.6072647,2918.476379,2915.740027,5836.952758,2,30747857,2026-08-29
102583251,2026-08-29T15:32:35.9734605,2918.360032,2900.975566,5836.720064,2,31999149,2026-08-29
102288473,2026-08-29T06:44:33.2189855,2918.268726,2918.019295,5836.537452,2,31670607,2026-08-29
102724002,2026-08-29T19:44:35.7036476,2917.176928,2901.167597,5834.353856,2,31929872,2026-08-29
102567547,2026-08-29T15:04:39.6457886,2916.73293,2894.990083,5833.465861,2,32197100,2026-08-29
102569808,2026-08-29T15:08:41.7139456,2915.626464,2888.999088,5831.252927,2,32154391,2026-08-29
102152262,2026-08-29T02:40:33.9014856,2913.960287,2913.407474,5827.920574,2,32279227,2026-08-29
102138834,2026-08-29T02:16:30.0153653,2913.322016,2908.738698,5826.644031,2,31907574,2026-08-29
102589974,2026-08-29T15:44:48.7284521,2910.687164,2902.745888,5821.374329,2,32438379,2026-08-29
102587748,2026-08-29T15:40:46.2369062,2910.048708,2907.125595,5820.097416,2,32185406,2026-08-29
102699430,2026-08-29T19:00:35.4246483,2909.514733,2907.16348,5819.029467,2,32436749,2026-08-29
102645860,2026-08-29T17:24:40.2447771,2909.47241,2907.46429,5818.944819,2,32764760,2026-08-29
102848668,2026-08-29T23:28:51.9396965,2908.121084,2880.622482,5816.242168,2,32192193,2026-08-29
102864378,2026-08-29T23:56:44.3270440,2907.50018,2884.836081,5815.000361,2,32522368,2026-08-29
102449280,2026-08-29T11:32:29.8078446,2907.401592,2900.466874,5814.803184,2,30902084,2026-08-29
102757361,2026-08-29T20:44:39.2777236,2906.331626,2891.295189,5812.663251,2,32598223,2026-08-29
102127848,2026-08-29T01:56:28.9058684,2906.073028,2876.515296,5812.146055,2,30812925,2026-08-29
102565304,2026-08-29T15:00:40.7365137,2904.35788,2901.386481,5808.715759,2,32335934,2026-08-29
102730697,2026-08-29T19:56:34.5177575,2904.263132,2891.816746,5808.526265,2,32231943,2026-08-29
102547398,2026-08-29T14:28:33.3020996,2903.678658,2872.814754,5807.357315,2,31396437,2026-08-29
102563063,2026-08-29T14:56:37.6049205,2902.756988,2893.425698,5805.513975,2,32362037,2026-08-29
102581007,2026-08-29T15:28:37.8364563,2902.682817,2893.689856,5805.365634,2,32087257,2026-08-29
102554117,2026-08-29T14:40:35.1231772,2902.510814,2897.273565,5805.021628,2,32325525,2026-08-29
102114263,2026-08-29T01:32:30.3372084,2902.375722,2891.517345,5804.751444,2,32120828,2026-08-29
102585501,2026-08-29T15:36:41.9157661,2900.695898,2894.427124,5801.391796,2,30625931,2026-08-29
102835347,2026-08-29T23:04:37.7144357,2900.274509,2871.016671,5800.549019,2,30788276,2026-08-29
102808633,2026-08-29T22:16:39.4217340,2900.01508,2864.796826,5800.03016,2,30176792,2026-08-29
102665877,2026-08-29T18:00:37.0645188,2899.832034,2861.265837,5799.664068,2,32045409,2026-08-29
102801934,2026-08-29T22:04:38.5083884,2898.844339,2873.016591,5797.688678,2,32433684,2026-08-29
102775250,2026-08-29T21:16:40.3444404,2896.882364,2868.299615,5793.764729,2,31032905,2026-08-29
102545173,2026-08-29T14:24:33.2076118,2896.565833,2880.541582,5793.131665,2,32296886,2026-08-29
102167933,2026-08-29T03:08:31.7581584,2894.757938,2868.653479,5789.515876,2,31977822,2026-08-29
102556360,2026-08-29T14:44:35.8758449,2893.878894,2888.893659,5787.757788,2,30030926,2026-08-29
102743881,2026-08-29T20:20:40.1310917,2892.584949,2857.896222,5785.169898,2,32526038,2026-08-29
102652522,2026-08-29T17:36:40.5353265,2891.735976,2881.038021,5783.471952,2,32397335,2026-08-29
102192548,2026-08-29T03:52:31.0465617,2891.507563,2864.884638,5783.015125,2,31974414,2026-08-29
102551911,2026-08-29T14:36:32.7695552,2891.154708,2887.934089,5782.309416,2,30974095,2026-08-29
102134373,2026-08-29T02:08:32.8540204,2889.677604,2872.439328,5779.355207,2,32107301,2026-08-29
102426925,2026-08-29T10:52:29.0194560,2887.345166,2843.959115,5774.690332,2,31759641,2026-08-29
102505139,2026-08-29T13:12:36.2155857,2886.880204,2842.873861,5773.760408,2,31265307,2026-08-29
102824223,2026-08-29T22:44:40.4089034,2884.111207,2883.859688,5768.222415,2,32575557,2026-08-29
102542924,2026-08-29T14:20:31.4686452,2884.102719,2869.057488,5768.205438,2,31199090,2026-08-29
102121175,2026-08-29T01:44:29.2395240,2884.088149,2880.19146,5768.176297,2,31752693,2026-08-29
102728398,2026-08-29T19:52:35.7157398,2882.555906,2869.067977,5765.111812,2,32439022,2026-08-29
102120962,2026-08-29T01:44:28.9439606,2882.428979,2880.142867,5764.857958,2,32154886,2026-08-29
102498438,2026-08-29T13:00:34.4414597,2881.967844,2846.115746,5763.935689,2,32110356,2026-08-29
102773027,2026-08-29T21:12:40.6407744,2881.171383,2872.231222,5762.342766,2,32247857,2026-08-29
102795265,2026-08-29T21:52:40.8487170,2880.683902,2872.350984,5761.367805,2,32517278,2026-08-29
102442578,2026-08-29T11:20:30.0083514,2877.237503,2849.599379,5754.475007,2,30422060,2026-08-29
102145554,2026-08-29T02:28:31.8568652,2874.792503,2828.747276,5749.585005,2,32400610,2026-08-29
102143303,2026-08-29T02:24:29.9260555,2874.251592,2831.936696,5748.503185,2,32590019,2026-08-29
102161236,2026-08-29T02:56:44.0202784,2874.063727,2840.777933,5748.127454,2,32420163,2026-08-29
102857635,2026-08-29T23:44:44.8980317,2873.241442,2870.901274,5746.482884,2,30384959,2026-08-29
102708231,2026-08-29T19:16:34.9994303,2872.802524,2849.649423,5745.605048,2,32531558,2026-08-29
102784142,2026-08-29T21:32:38.0421737,2871.962737,2866.996988,5743.925473,2,32386514,2026-08-29
102821817,2026-08-29T22:40:38.1718282,2871.778939,2816.235864,5743.557877,2,32604638,2026-08-29
102170159,2026-08-29T03:12:32.2287837,2871.680848,2829.245453,5743.361696,2,32119987,2026-08-29
102505144,2026-08-29T13:12:36.2198437,2871.670368,2848.353391,5743.340735,2,30368224,2026-08-29
102705997,2026-08-29T19:12:35.7745576,2871.621489,2841.807786,5743.242977,2,32400090,2026-08-29
102817591,2026-08-29T22:32:37.9099777,2870.52165,2860.491139,5741.0433,2,31695614,2026-08-29
102833169,2026-08-29T23:00:38.8296348,2870.449573,2865.315685,5740.899147,2,31015315,2026-08-29
102127660,2026-08-29T01:56:28.6109910,2870.240976,2851.078208,5740.481952,2,31839617,2026-08-29
102612351,2026-08-29T16:24:37.4589186,2870.065736,2822.904751,5740.131472,2,32153390,2026-08-29
102788635,2026-08-29T21:40:40.3790613,2869.682801,2845.410617,5739.365602,2,32110383,2026-08-29
102147795,2026-08-29T02:32:31.6221037,2869.658123,2814.620885,5739.316246,2,32010220,2026-08-29
102132133,2026-08-29T02:04:30.5505974,2869.473787,2838.12104,5738.947575,2,32113037,2026-08-29
102091898,2026-08-29T00:52:29.2073097,2868.938208,2818.252774,5737.876416,2,31148273,2026-08-29
102763962,2026-08-29T20:56:40.2597384,2868.594501,2842.118004,5737.189001,2,32118152,2026-08-29
102129891,2026-08-29T02:00:29.7314785,2867.841004,2840.404664,5735.682007,2,32300840,2026-08-29
102163446,2026-08-29T03:00:47.7598852,2867.35746,2823.637275,5734.71492,2,32402305,2026-08-29
102815339,2026-08-29T22:28:43.4258370,2867.33542,2807.072297,5734.670841,2,32078506,2026-08-29
102391265,2026-08-29T09:48:31.2382903,2867.29398,2824.072067,5734.587959,2,30881847,2026-08-29
102862084,2026-08-29T23:52:44.9970448,2866.750356,2843.27552,5733.500713,2,32195093,2026-08-29
102266227,2026-08-29T06:04:33.7524706,2866.305249,2809.950459,5732.610497,2,32395095,2026-08-29
102118731,2026-08-29T01:40:29.1515024,2866.23849,2844.157068,5732.47698,2,32190040,2026-08-29
102837611,2026-08-29T23:08:39.6166651,2865.594501,2852.438667,5731.189001,2,32509499,2026-08-29
102158975,2026-08-29T02:52:34.7583706,2865.041546,2826.890323,5730.083092,2,32392359,2026-08-29
102755044,2026-08-29T20:40:39.3184301,2863.881402,2832.326157,5727.762804,2,32430612,2026-08-29
102154496,2026-08-29T02:44:32.3224039,2863.817312,2820.848932,5727.634624,2,32383646,2026-08-29
102112026,2026-08-29T01:28:32.3272812,2863.675399,2845.742652,5727.350798,2,31822034,2026-08-29
102864190,2026-08-29T23:56:44.0406195,2863.557255,2833.236,5727.114509,2,32574388,2026-08-29
102136602,2026-08-29T02:12:28.8207173,2863.153308,2814.828881,5726.306616,2,32406682,2026-08-29
102746255,2026-08-29T20:24:39.4020719,2862.94716,2862.271159,5725.89432,2,32398223,2026-08-29
102639129,2026-08-29T17:12:42.1430363,2862.675838,2836.513765,5725.351677,2,31384937,2026-08-29
102703830,2026-08-29T19:08:38.3195639,2862.055444,2840.688423,5724.110889,2,31246788,2026-08-29
102861956,2026-08-29T23:52:44.8033091,2861.700855,2837.043522,5723.401711,2,32519711,2026-08-29
102109791,2026-08-29T01:24:29.6466575,2861.584837,2849.80523,5723.169674,2,32225170,2026-08-29
102558593,2026-08-29T14:48:39.8498875,2861.152393,2826.984465,5722.304786,2,32693211,2026-08-29
102857499,2026-08-29T23:44:44.6801366,2861.038883,2846.611552,5722.077765,2,32587311,2026-08-29
102116499,2026-08-29T01:36:29.3455908,2858.171229,2835.235024,5716.342459,2,32241494,2026-08-29
102156730,2026-08-29T02:48:34.2267859,2856.954653,2803.513369,5713.909305,2,32260389,2026-08-29
102107558,2026-08-29T01:20:29.6737792,2856.248721,2848.083153,5712.497442,2,32274963,2026-08-29
102123196,2026-08-29T01:48:30.7694167,2856.234659,2818.680225,5712.469319,2,32527499,2026-08-29
102772992,2026-08-29T21:12:40.6048996,2856.211443,2845.491021,5712.422887,2,32518714,2026-08-29
102841883,2026-08-29T23:16:44.1633214,2856.04872,2829.569863,5712.09744,2,32507084,2026-08-29
102654680,2026-08-29T17:40:38.1335640,2854.338112,2836.019493,5708.676225,2,32258381,2026-08-29
102717157,2026-08-29T19:32:35.0257460,2854.041652,2849.040997,5708.083304,2,32387925,2026-08-29
102092108,2026-08-29T00:52:29.5357706,2853.556254,2826.976812,5707.112507,2,31817609,2026-08-29
102560828,2026-08-29T14:52:38.3030481,2853.542775,2806.194434,5707.08555,2,32130400,2026-08-29
102844112,2026-08-29T23:20:46.3543343,2852.119914,2824.859153,5704.239828,2,32507674,2026-08-29
102708158,2026-08-29T19:16:34.8738024,2850.519833,2823.259442,5701.039666,2,30890162,2026-08-29
102650212,2026-08-29T17:32:38.3564924,2845.436217,2818.003728,5690.872435,2,32253132,2026-08-29
102659164,2026-08-29T17:48:39.1128640,2844.239873,2819.148351,5688.479747,2,31970059,2026-08-29
102757368,2026-08-29T20:44:39.3003472,2843.194855,2818.390025,5686.38971,2,32533992,2026-08-29
102096385,2026-08-29T01:00:29.8392178,2843.148864,2842.849198,5686.297728,2,32400186,2026-08-29
102065292,2026-08-29T00:04:28.9318417,2842.747325,2754.598215,5685.49465,2,32283566,2026-08-29
102100863,2026-08-29T01:08:34.6028269,2842.564476,2822.787934,5685.128952,2,32141118,2026-08-29
102645751,2026-08-29T17:24:40.0584813,2842.059664,2823.142158,5684.119328,2,32447496,2026-08-29
102714940,2026-08-29T19:28:38.3483792,2842.048529,2818.733028,5684.097057,2,32588305,2026-08-29
102759575,2026-08-29T20:48:46.0711069,2840.857739,2809.707506,5681.715477,2,31009790,2026-08-29
102574290,2026-08-29T15:16:37.3288297,2840.542869,2783.240957,5681.085739,2,31566230,2026-08-29
102083124,2026-08-29T00:36:28.7537811,2840.323917,2826.577555,5680.647835,2,32325609,2026-08-29
102663642,2026-08-29T17:56:36.2147183,2840.105467,2814.205788,5680.210933,2,32458971,2026-08-29
102806428,2026-08-29T22:12:38.4280875,2839.637321,2803.233074,5679.274642,2,32589746,2026-08-29
102719410,2026-08-29T19:36:38.1604378,2839.426782,2814.894496,5678.853563,2,32581171,2026-08-29
102083125,2026-08-29T00:36:28.7543771,2838.504017,2828.878706,5677.008035,2,32449997,2026-08-29
102636801,2026-08-29T17:08:35.7234811,2837.279285,2822.973016,5674.55857,2,31486361,2026-08-29
102772965,2026-08-29T21:12:40.5369924,2836.919017,2801.89664,5673.838033,2,32587093,2026-08-29
102279571,2026-08-29T06:28:36.5290645,2836.873729,2819.761756,5673.747458,2,31907017,2026-08-29
102572045,2026-08-29T15:12:38.1155677,2836.839852,2780.197552,5673.679704,2,32601821,2026-08-29
102248383,2026-08-29T05:32:32.4746549,2835.950468,2823.038186,5671.900936,2,32440307,2026-08-29
102536407,2026-08-29T14:08:38.1629721,2835.385968,2827.345072,5670.771936,2,32138601,2026-08-29
102710467,2026-08-29T19:20:37.7424931,2835.185529,2815.164029,5670.371059,2,32209190,2026-08-29
102746112,2026-08-29T20:24:39.1974620,2835.086724,2806.965894,5670.173447,2,32564387,2026-08-29
102817484,2026-08-29T22:32:37.7486836,2833.7712,2788.336806,5667.542399,2,32394129,2026-08-29
102375638,2026-08-29T09:20:29.6607680,2833.056619,2813.74894,5666.113239,2,31709735,2026-08-29
102426928,2026-08-29T10:52:29.0197539,2833.056619,2818.894159,5666.113239,2,32060526,2026-08-29
102630182,2026-08-29T16:56:31.6579608,2832.32993,2827.16824,5664.65986,2,32399275,2026-08-29
102098619,2026-08-29T01:04:29.5405446,2831.422189,2810.119907,5662.844377,2,32211581,2026-08-29
102228276,2026-08-29T04:56:28.8417444,2831.421089,2803.604483,5662.842178,2,32473861,2026-08-29
102342115,2026-08-29T08:20:29.1024432,2831.355468,2817.837232,5662.710936,2,32279258,2026-08-29
102076547,2026-08-29T00:24:29.9502234,2830.277946,2821.447327,5660.555891,2,32276420,2026-08-29
102656923,2026-08-29T17:44:36.3620062,2829.740707,2795.861062,5659.481414,2,31940136,2026-08-29
102839880,2026-08-29T23:12:42.3483823,2829.73876,2812.334995,5659.47752,2,32119138,2026-08-29
102739439,2026-08-29T20:12:40.1934085,2829.717525,2815.379552,5659.43505,2,31737372,2026-08-29
102712705,2026-08-29T19:24:35.7141083,2829.330564,2798.482351,5658.661129,2,32560272,2026-08-29
102326537,2026-08-29T07:52:29.2188422,2829.249219,2800.802078,5658.498439,2,32215749,2026-08-29
102210423,2026-08-29T04:24:32.6210745,2828.629461,2823.542203,5657.258922,2,32277595,2026-08-29
102125420,2026-08-29T01:52:28.8538632,2828.563804,2759.130938,5657.127607,2,31653918,2026-08-29
102500674,2026-08-29T13:04:34.4669630,2828.545417,2809.703571,5657.090835,2,32569547,2026-08-29
102752874,2026-08-29T20:36:40.1774092,2828.40152,2818.492784,5656.803041,2,32660597,2026-08-29
102859728,2026-08-29T23:48:51.8283286,2828.122881,2815.144138,5656.245762,2,32245752,2026-08-29
102734983,2026-08-29T20:04:37.5454744,2828.074699,2799.055779,5656.149398,2,32473152,2026-08-29
102703759,2026-08-29T19:08:38.2141662,2827.999518,2822.611099,5655.999035,2,32570514,2026-08-29
102094145,2026-08-29T00:56:29.6147817,2827.491976,2824.315079,5654.983952,2,32402244,2026-08-29
102618963,2026-08-29T16:36:37.3119515,2826.855998,2822.068199,5653.711995,2,32257282,2026-08-29
102761738,2026-08-29T20:52:40.4589260,2826.187818,2805.739951,5652.375636,2,32577661,2026-08-29
102634641,2026-08-29T17:04:36.9419831,2826.063449,2815.532316,5652.126898,2,32510486,2026-08-29
102632412,2026-08-29T17:00:33.8431355,2825.308814,2819.826419,5650.617628,2,32521578,2026-08-29
102806355,2026-08-29T22:12:38.3301456,2824.983687,2806.701272,5649.967374,2,32567568,2026-08-29
102839652,2026-08-29T23:12:41.9391663,2824.669332,2814.933348,5649.338664,2,32384931,2026-08-29
102103307,2026-08-29T01:12:35.0508704,2824.614235,2806.094067,5649.228471,2,30954932,2026-08-29
102647987,2026-08-29T17:28:41.1476813,2824.27171,2781.927787,5648.543421,2,31085088,2026-08-29
102661404,2026-08-29T17:52:35.5481972,2824.256897,2787.903786,5648.513795,2,31249495,2026-08-29
102737240,2026-08-29T20:08:39.9684081,2824.177944,2810.694427,5648.355888,2,32578166,2026-08-29
102540675,2026-08-29T14:16:31.9423659,2823.898932,2769.269776,5647.797864,2,32608746,2026-08-29
102603273,2026-08-29T16:08:41.4282265,2823.396849,2820.733535,5646.793698,2,32004987,2026-08-29
102768450,2026-08-29T21:04:39.4974993,2823.203321,2796.051708,5646.406642,2,32633334,2026-08-29
102143350,2026-08-29T02:24:30.4083763,2823.042582,2801.742622,5646.085164,2,32446780,2026-08-29
102297452,2026-08-29T07:00:32.8247058,2822.867065,2793.198646,5645.734129,2,31382595,2026-08-29
102853086,2026-08-29T23:36:47.9511154,2822.523004,2808.170828,5645.046008,2,31876565,2026-08-29
102668107,2026-08-29T18:04:36.0324953,2821.607757,2777.527002,5643.215515,2,32573353,2026-08-29
102726198,2026-08-29T19:48:38.2431386,2821.555422,2780.138223,5643.110844,2,32567818,2026-08-29
102201436,2026-08-29T04:08:34.2326727,2821.449665,2798.245785,5642.899331,2,30824534,2026-08-29
102810744,2026-08-29T22:20:38.3346885,2821.396724,2766.791309,5642.793447,2,32236593,2026-08-29
102821961,2026-08-29T22:40:38.3415906,2821.027183,2794.85055,5642.054366,2,32567243,2026-08-29
102779701,2026-08-29T21:24:39.8315379,2820.983136,2792.344905,5641.966271,2,32625025,2026-08-29
102832962,2026-08-29T23:00:38.5203791,2820.770892,2809.941955,5641.541783,2,32653119,2026-08-29
102594329,2026-08-29T15:52:51.9206489,2820.737958,2805.010827,5641.475915,2,32390022,2026-08-29
102757272,2026-08-29T20:44:39.1543458,2820.720013,2803.935253,5641.440025,2,32525362,2026-08-29
102533949,2026-08-29T14:04:37.6466244,2820.711846,2784.431489,5641.423692,2,31604424,2026-08-29
102641270,2026-08-29T17:16:37.0528219,2820.699676,2793.345042,5641.399352,2,32433398,2026-08-29
102297453,2026-08-29T07:00:32.8261664,2820.310493,2813.180627,5640.620986,2,32260442,2026-08-29
102701514,2026-08-29T19:04:35.2158680,2819.547862,2806.80273,5639.095724,2,32588390,2026-08-29
102721638,2026-08-29T19:40:35.0268948,2819.540244,2771.200541,5639.080488,2,30858386,2026-08-29
102141112,2026-08-29T02:20:29.5548716,2819.50848,2806.018523,5639.01696,2,32433872,2026-08-29
102607749,2026-08-29T16:16:45.5594653,2819.279125,2802.110125,5638.558249,2,32229413,2026-08-29
102536198,2026-08-29T14:08:37.7575142,2818.763962,2772.492218,5637.527923,2,32806234,2026-08-29
102752857,2026-08-29T20:36:40.1392182,2818.404194,2799.805622,5636.808388,2,32684297,2026-08-29
102179150,2026-08-29T03:28:31.2766762,2818.340297,2808.667125,5636.680594,2,32437211,2026-08-29
102784102,2026-08-29T21:32:37.9692735,2818.310562,2815.174299,5636.621124,2,31893935,2026-08-29
102639027,2026-08-29T17:12:41.9742769,2818.16649,2795.234228,5636.33298,2,32241377,2026-08-29
102103096,2026-08-29T01:12:34.7413704,2818.101072,2766.793126,5636.202145,2,31575673,2026-08-29
102531712,2026-08-29T14:00:36.0594528,2818.067135,2788.259114,5636.13427,2,31450091,2026-08-29
102605518,2026-08-29T16:12:40.0992244,2817.426571,2805.965148,5634.853141,2,32387933,2026-08-29
102444817,2026-08-29T11:24:30.2379451,2816.740697,2780.778976,5633.481395,2,32446084,2026-08-29
102067613,2026-08-29T00:08:30.9310213,2816.573065,2809.250173,5633.146131,2,32439751,2026-08-29
102699387,2026-08-29T19:00:35.3387754,2815.448105,2811.027447,5630.896209,2,32686837,2026-08-29
102549641,2026-08-29T14:32:31.2235392,2815.390874,2752.367398,5630.781748,2,32364927,2026-08-29
102623371,2026-08-29T16:44:29.9222191,2814.700101,2802.2474,5629.400203,2,32075384,2026-08-29
102634560,2026-08-29T17:04:36.7183505,2814.281433,2785.231738,5628.562866,2,31287461,2026-08-29
102835195,2026-08-29T23:04:37.4342944,2813.929253,2790.961006,5627.858505,2,32525863,2026-08-29
102717309,2026-08-29T19:32:35.2457529,2813.711459,2774.502456,5627.422917,2,32429161,2026-08-29
102217095,2026-08-29T04:36:34.5830969,2813.625793,2813.191947,5627.251586,2,32435882,2026-08-29
102741660,2026-08-29T20:16:41.2536765,2812.576193,2775.908812,5625.152385,2,32695490,2026-08-29
102556518,2026-08-29T14:44:36.1398013,2812.414025,2783.142776,5624.82805,2,32567220,2026-08-29
102266222,2026-08-29T06:04:33.7473965,2812.005049,2809.500334,5624.010097,2,32281657,2026-08-29
102717146,2026-08-29T19:32:35.0129096,2811.932683,2804.239606,5623.865365,2,32531310,2026-08-29
102614467,2026-08-29T16:28:42.3407732,2811.878637,2808.773127,5623.757275,2,32509848,2026-08-29
102824043,2026-08-29T22:44:40.1226493,2811.743554,2809.260261,5623.487108,2,32237199,2026-08-29
102712637,2026-08-29T19:24:35.6119059,2811.467393,2803.383911,5622.934787,2,32136655,2026-08-29
102203688,2026-08-29T04:12:31.6240845,2810.94153,2803.163027,5621.88306,2,31365599,2026-08-29
102520774,2026-08-29T13:40:31.4321633,2810.723188,2809.354606,5621.446375,2,32560874,2026-08-29
102781914,2026-08-29T21:28:45.7033476,2810.559752,2801.40577,5621.119503,2,32071420,2026-08-29
102125611,2026-08-29T01:52:29.1975945,2810.548433,2779.345378,5621.096865,2,32432046,2026-08-29
102609979,2026-08-29T16:20:37.5546628,2810.356234,2793.701131,5620.712467,2,32244948,2026-08-29
102266223,2026-08-29T06:04:33.7488097,2810.1169,2802.650999,5620.233799,2,31133515,2026-08-29
102730501,2026-08-29T19:56:34.1553399,2809.838256,2798.794109,5619.676512,2,32622106,2026-08-29
102529476,2026-08-29T13:56:34.3802133,2809.793516,2781.743546,5619.587031,2,32436264,2026-08-29
102855265,2026-08-29T23:40:45.0707299,2809.76095,2778.585466,5619.521901,2,32278056,2026-08-29
102817346,2026-08-29T22:32:37.5335432,2809.685595,2809.608415,5619.37119,2,32657609,2026-08-29
102643517,2026-08-29T17:20:38.2022644,2809.539063,2765.163122,5619.078126,2,32428896,2026-08-29
102556497,2026-08-29T14:44:36.1169040,2809.446846,2781.132865,5618.893693,2,32062283,2026-08-29
102627851,2026-08-29T16:52:32.1145388,2809.128285,2797.105066,5618.25657,2,32432045,2026-08-29
102750607,2026-08-29T20:32:39.2351492,2808.907592,2805.407661,5617.815184,2,32541112,2026-08-29
102659194,2026-08-29T17:48:39.1471050,2808.845616,2777.297041,5617.691231,2,32244052,2026-08-29
102621196,2026-08-29T16:40:33.9027246,2808.782886,2789.253754,5617.565772,2,32093609,2026-08-29
102748357,2026-08-29T20:28:41.6638050,2808.534143,2762.703363,5617.068287,2,32413810,2026-08-29
102850789,2026-08-29T23:32:49.3195940,2808.245855,2784.363351,5616.491711,2,32676928,2026-08-29
102393491,2026-08-29T09:52:30.8613242,2808.112376,2767.002657,5616.224751,2,32439155,2026-08-29
102848672,2026-08-29T23:28:51.9437581,2807.93622,2788.220297,5615.87244,2,32411627,2026-08-29
102589865,2026-08-29T15:44:48.5701709,2807.445026,2804.652443,5614.890051,2,32389744,2026-08-29
102259500,2026-08-29T05:52:32.3427738,2807.421276,2777.4621,5614.842552,2,32427181,2026-08-29
102795242,2026-08-29T21:52:40.8239592,2807.068674,2788.324795,5614.137348,2,32383675,2026-08-29
102538447,2026-08-29T14:12:32.5111279,2806.623105,2741.690853,5613.24621,2,32108797,2026-08-29
102105333,2026-08-29T01:16:30.2419260,2806.176326,2737.160859,5612.352652,2,32304075,2026-08-29
102623515,2026-08-29T16:44:30.1576278,2805.350204,2788.942365,5610.700409,2,31323290,2026-08-29
102623443,2026-08-29T16:44:30.0479800,2805.216448,2776.474468,5610.432896,2,32195373,2026-08-29
102346578,2026-08-29T08:28:30.4455430,2805.043359,2801.66984,5610.086718,2,32435388,2026-08-29
102636882,2026-08-29T17:08:35.8586608,2805.03547,2780.773721,5610.07094,2,32389632,2026-08-29
102759503,2026-08-29T20:48:45.9564742,2804.879952,2767.962818,5609.759905,2,31320542,2026-08-29
102145702,2026-08-29T02:28:32.1171114,2804.834045,2803.031233,5609.668091,2,32466628,2026-08-29
102134417,2026-08-29T02:08:32.9287036,2804.626659,2791.297997,5609.253318,2,32459279,2026-08-29
102766192,2026-08-29T21:00:41.8092765,2804.522494,2763.026294,5609.044987,2,32408613,2026-08-29
102790860,2026-08-29T21:44:41.0165262,2804.221363,2759.558935,5608.442727,2,31272360,2026-08-29
102654721,2026-08-29T17:40:38.1980458,2803.675195,2777.876276,5607.350391,2,32517399,2026-08-29
102719342,2026-08-29T19:36:37.9614736,2803.423054,2796.244594,5606.846108,2,32218531,2026-08-29
102618875,2026-08-29T16:36:37.1411575,2803.403269,2801.364454,5606.806539,2,32432034,2026-08-29
102857617,2026-08-29T23:44:44.8578758,2802.947177,2795.854032,5605.894353,2,32530550,2026-08-29
102598799,2026-08-29T16:00:52.0354964,2802.724662,2783.715944,5605.449323,2,31236037,2026-08-29
102627934,2026-08-29T16:52:32.2497885,2802.700605,2774.248827,5605.40121,2,32248686,2026-08-29
102723802,2026-08-29T19:44:35.3867278,2802.666024,2798.43501,5605.332048,2,32375419,2026-08-29
102828506,2026-08-29T22:52:40.6033617,2802.301692,2784.286673,5604.603384,2,32567218,2026-08-29
102625691,2026-08-29T16:48:34.7359277,2801.867971,2777.967481,5603.735942,2,32512974,2026-08-29
102703684,2026-08-29T19:08:38.0865777,2801.811561,2801.497789,5603.623121,2,32383029,2026-08-29
102848577,2026-08-29T23:28:51.7831390,2801.64036,2780.346498,5603.28072,2,32574326,2026-08-29
102726057,2026-08-29T19:48:38.0260590,2801.316922,2799.557064,5602.633844,2,32363822,2026-08-29
102125461,2026-08-29T01:52:28.9196321,2801.101754,2784.647275,5602.203507,2,32453266,2026-08-29
102728271,2026-08-29T19:52:35.4391458,2800.631787,2787.615127,5601.263574,2,32418534,2026-08-29
102306309,2026-08-29T07:16:29.0697971,2800.580137,2779.133833,5601.160274,2,32392968,2026-08-29
102806373,2026-08-29T22:12:38.3513843,2800.298145,2780.496218,5600.59629,2,32525798,2026-08-29
102815113,2026-08-29T22:28:43.0708942,2800.287884,2798.632961,5600.575767,2,32439724,2026-08-29
102083134,2026-08-29T00:36:28.7634203,2800.28688,2773.776428,5600.57376,2,32624256,2026-08-29
102759566,2026-08-29T20:48:46.0575336,2799.954605,2777.050182,5599.909211,2,32196474,2026-08-29
102632326,2026-08-29T17:00:33.6607212,2799.88561,2763.995623,5599.771219,2,32401394,2026-08-29
102522770,2026-08-29T13:44:32.5759292,2799.739571,2791.958188,5599.479142,2,32127490,2026-08-29
102601033,2026-08-29T16:04:35.1142919,2799.556452,2787.75648,5599.112904,2,32229879,2026-08-29
102326536,2026-08-29T07:52:29.2178169,2799.460922,2796.266364,5598.921843,2,32425170,2026-08-29
102732732,2026-08-29T20:00:36.6712616,2799.226363,2771.418942,5598.452726,2,31265607,2026-08-29
102726036,2026-08-29T19:48:38.0019260,2799.078006,2791.833338,5598.156013,2,32519733,2026-08-29
102132184,2026-08-29T02:04:30.6423178,2798.905937,2790.466069,5597.811874,2,31253401,2026-08-29
102232763,2026-08-29T05:04:29.9287816,2798.624396,2770.001402,5597.248792,2,32619729,2026-08-29
102315338,2026-08-29T07:32:32.3476809,2798.562398,2787.785565,5597.124795,2,32572857,2026-08-29
102292878,2026-08-29T06:52:32.4082067,2798.536027,2756.387561,5597.072055,2,32648471,2026-08-29
102690299,2026-08-29T18:44:34.7366763,2798.170694,2778.57118,5596.341388,2,32534082,2026-08-29
102830735,2026-08-29T22:56:39.5102780,2797.65615,2769.681602,5595.3123,2,32621234,2026-08-29
102694758,2026-08-29T18:52:34.6121251,2797.639306,2791.266472,5595.278612,2,32044095,2026-08-29
102692586,2026-08-29T18:48:37.3737114,2797.223938,2778.366125,5594.447876,2,31250068,2026-08-29
102217145,2026-08-29T04:36:34.6595599,2796.984694,2781.125833,5593.969387,2,32302084,2026-08-29
102705918,2026-08-29T19:12:35.6404890,2796.925897,2782.88522,5593.851793,2,32509464,2026-08-29
102846339,2026-08-29T23:24:47.4187449,2796.643172,2775.099038,5593.286344,2,32404463,2026-08-29
102386737,2026-08-29T09:40:28.5144978,2796.294793,2786.350945,5592.589586,2,32437303,2026-08-29
102743915,2026-08-29T20:20:40.1746071,2796.224534,2783.397635,5592.449067,2,32037645,2026-08-29
102127706,2026-08-29T01:56:28.6733233,2795.972503,2779.655917,5591.945006,2,30825620,2026-08-29
102074201,2026-08-29T00:20:28.7272734,2795.814838,2777.547615,5591.629676,2,31388654,2026-08-29
102721564,2026-08-29T19:40:34.9167937,2795.726224,2789.555762,5591.452447,2,32651730,2026-08-29
102690358,2026-08-29T18:44:34.8495626,2795.560734,2782.395357,5591.121467,2,31075918,2026-08-29
102710389,2026-08-29T19:20:37.6233505,2795.424707,2778.604778,5590.849415,2,32654732,2026-08-29
102609906,2026-08-29T16:20:37.4594229,2794.991151,2783.578456,5589.982302,2,32438230,2026-08-29
102308540,2026-08-29T07:20:28.7490202,2794.841153,2785.169568,5589.682305,2,32572616,2026-08-29
102518277,2026-08-29T13:36:32.5878043,2794.444545,2784.227238,5588.889091,2,32778413,2026-08-29
102418040,2026-08-29T10:36:32.5551793,2793.666182,2774.369981,5587.332364,2,32399766,2026-08-29
102167964,2026-08-29T03:08:31.8284455,2793.616195,2764.192339,5587.23239,2,32450070,2026-08-29
102304072,2026-08-29T07:12:29.5469989,2793.400467,2772.435797,5586.800934,2,32572823,2026-08-29
102755057,2026-08-29T20:40:39.3295143,2793.19372,2763.514383,5586.387439,2,32545661,2026-08-29
102714879,2026-08-29T19:28:38.2425114,2792.80528,2774.322584,5585.61056,2,32536277,2026-08-29
102089656,2026-08-29T00:48:31.0124124,2792.462824,2774.724049,5584.925647,2,32149336,2026-08-29
102344368,2026-08-29T08:24:29.3320897,2792.415612,2738.935885,5584.831223,2,32578597,2026-08-29
102806196,2026-08-29T22:12:38.1007665,2792.323012,2770.251931,5584.646024,2,32650151,2026-08-29
102688165,2026-08-29T18:40:36.9075832,2792.165951,2783.536495,5584.331901,2,31237749,2026-08-29
102741684,2026-08-29T20:16:41.3057475,2792.117999,2780.757988,5584.235997,2,32524817,2026-08-29
102721568,2026-08-29T19:40:34.9204066,2792.066024,2775.161176,5584.132048,2,31304402,2026-08-29
102819829,2026-08-29T22:36:40.1456561,2792.065127,2763.331402,5584.130254,2,32547462,2026-08-29
102625609,2026-08-29T16:48:34.6074984,2792.025246,2772.459503,5584.050491,2,32423185,2026-08-29
102464917,2026-08-29T12:00:30.6885337,2791.800065,2766.815607,5583.60013,2,32371491,2026-08-29
102746134,2026-08-29T20:24:39.2242924,2791.741519,2780.937986,5583.483038,2,32539084,2026-08-29
102730518,2026-08-29T19:56:34.2091031,2791.700875,2785.024529,5583.40175,2,32517847,2026-08-29
102092148,2026-08-29T00:52:29.6133657,2791.513301,2769.851647,5583.026601,2,32606947,2026-08-29
102815317,2026-08-29T22:28:43.4077598,2791.048242,2772.236479,5582.096484,2,32081646,2026-08-29
102612152,2026-08-29T16:24:37.2061275,2791.015256,2771.596203,5582.030512,2,32431248,2026-08-29
102699217,2026-08-29T19:00:35.1004056,2790.664446,2779.251997,5581.328893,2,31339613,2026-08-29
102694822,2026-08-29T18:52:34.7593794,2790.415893,2758.333997,5580.831786,2,32690860,2026-08-29
102699281,2026-08-29T19:00:35.2058603,2789.866546,2754.158721,5579.733092,2,32705744,2026-08-29
102786279,2026-08-29T21:36:40.8997466,2789.819885,2788.102489,5579.639769,2,32295004,2026-08-29
102837423,2026-08-29T23:08:39.3264230,2789.37148,2737.801691,5578.74296,2,32570684,2026-08-29
102701451,2026-08-29T19:04:35.1171982,2788.796987,2787.078416,5577.593974,2,32666290,2026-08-29
102480563,2026-08-29T12:28:32.3681582,2787.912829,2753.407113,5575.825658,2,32449693,2026-08-29
102453701,2026-08-29T11:40:29.9186250,2787.802204,2771.25979,5575.604409,2,32691538,2026-08-29
102630096,2026-08-29T16:56:31.5174504,2787.588378,2746.755687,5575.176755,2,32446639,2026-08-29
102592085,2026-08-29T15:48:48.0075822,2787.524436,2781.890784,5575.048871,2,32195668,2026-08-29
102772945,2026-08-29T21:12:40.5161544,2787.306076,2758.186624,5574.612152,2,32361808,2026-08-29
102732741,2026-08-29T20:00:36.7033323,2787.19084,2769.973966,5574.381681,2,32646446,2026-08-29
102409112,2026-08-29T10:20:34.1339698,2787.062683,2755.829831,5574.125366,2,32568379,2026-08-29
102118765,2026-08-29T01:40:29.2189127,2786.972038,2769.630374,5573.944077,2,31293394,2026-08-29
102696988,2026-08-29T18:56:35.4010190,2786.757605,2782.351031,5573.515211,2,32547221,2026-08-29
102728293,2026-08-29T19:52:35.5029414,2786.493037,2767.190294,5572.986074,2,32525344,2026-08-29
102524997,2026-08-29T13:48:32.2340993,2786.363451,2754.043207,5572.726902,2,32483789,2026-08-29
102183636,2026-08-29T03:36:28.7549584,2785.78503,2773.61252,5571.57006,2,32217880,2026-08-29
102596558,2026-08-29T15:56:44.2308386,2785.775947,2758.327844,5571.551895,2,32386955,2026-08-29
102737271,2026-08-29T20:08:40.0234038,2785.769962,2779.377185,5571.539923,2,32664277,2026-08-29
102170215,2026-08-29T03:12:32.3310405,2785.769072,2769.416746,5571.538144,2,29779483,2026-08-29
102692525,2026-08-29T18:48:37.2742902,2785.229483,2778.864408,5570.458965,2,32531023,2026-08-29
102125609,2026-08-29T01:52:29.2007493,2784.939183,2761.690476,5569.878366,2,31393807,2026-08-29
102540749,2026-08-29T14:16:32.0608147,2784.346183,2738.158265,5568.692366,2,32317407,2026-08-29
102250622,2026-08-29T05:36:34.3683629,2783.939024,2760.836195,5567.878047,2,31554225,2026-08-29
102750583,2026-08-29T20:32:39.2137073,2783.698435,2722.473476,5567.396871,2,31242144,2026-08-29
102480562,2026-08-29T12:28:32.3678185,2783.689658,2771.004824,5567.379316,2,32438779,2026-08-29
102676934,2026-08-29T18:20:36.8253856,2783.413337,2758.189132,5566.826674,2,32598493,2026-08-29
102103137,2026-08-29T01:12:34.8094606,2783.223055,2736.689187,5566.44611,2,32439185,2026-08-29
102812882,2026-08-29T22:24:41.7242673,2782.819308,2771.650507,5565.638616,2,32562944,2026-08-29
102723894,2026-08-29T19:44:35.5250802,2782.688311,2694.897404,5565.376621,2,32714392,2026-08-29
102114301,2026-08-29T01:32:30.4070494,2782.292956,2756.970223,5564.585912,2,32453432,2026-08-29
102426916,2026-08-29T10:52:29.0142049,2782.079647,2772.001522,5564.159294,2,32445054,2026-08-29
102100900,2026-08-29T01:08:34.6428791,2781.866054,2741.606588,5563.732107,2,32453987,2026-08-29
102748507,2026-08-29T20:28:41.9111499,2781.785337,2755.548611,5563.570674,2,32548063,2026-08-29
102846457,2026-08-29T23:24:47.5515980,2781.000145,2779.786424,5562.000289,2,32306798,2026-08-29
102138878,2026-08-29T02:16:30.0597990,2780.61851,2760.889644,5561.23702,2,32446611,2026-08-29
102395687,2026-08-29T09:56:28.8575951,2780.340484,2776.421666,5560.680967,2,32568616,2026-08-29
102337566,2026-08-29T08:12:36.3137786,2780.309133,2772.347786,5560.618266,2,31110319,2026-08-29
102822012,2026-08-29T22:40:38.4317408,2780.157962,2773.414673,5560.315924,2,32557180,2026-08-29
102683662,2026-08-29T18:32:35.5316348,2779.431474,2773.973564,5558.862947,2,32566645,2026-08-29
102641300,2026-08-29T17:16:37.1066184,2779.416757,2770.457753,5558.833515,2,32414967,2026-08-29
102739463,2026-08-29T20:12:40.4292194,2778.898357,2760.081289,5557.796714,2,32485704,2026-08-29
102605437,2026-08-29T16:12:39.9603801,2778.58246,2767.498486,5557.164919,2,32400285,2026-08-29
102697058,2026-08-29T18:56:35.5026789,2778.435543,2744.544433,5556.871086,2,32567576,2026-08-29
102342025,2026-08-29T08:20:28.9563028,2778.434379,2760.343681,5556.868757,2,32518415,2026-08-29
102806255,2026-08-29T22:12:38.1995248,2778.295497,2775.930536,5556.590995,2,32561525,2026-08-29
102723820,2026-08-29T19:44:35.4156359,2777.940839,2741.078444,5555.881678,2,32415886,2026-08-29
102612227,2026-08-29T16:24:37.3051873,2777.920076,2739.391931,5555.840152,2,32212219,2026-08-29
102826274,2026-08-29T22:48:41.1584992,2777.625722,2740.833901,5555.251443,2,32552318,2026-08-29
102085185,2026-08-29T00:40:31.5738876,2777.615501,2769.922478,5555.231001,2,32142960,2026-08-29
102808424,2026-08-29T22:16:39.0226579,2777.324377,2775.695853,5554.648755,2,32677136,2026-08-29
102719329,2026-08-29T19:36:37.9485542,2777.152331,2774.050379,5554.304662,2,32674239,2026-08-29
102391270,2026-08-29T09:48:31.2423169,2775.598717,2703.836708,5551.197433,2,32422080,2026-08-29
102136647,2026-08-29T02:12:28.8778541,2775.506828,2755.161364,5551.013655,2,32639484,2026-08-29
102580888,2026-08-29T15:28:37.6479855,2775.296396,2762.090823,5550.592791,2,32367635,2026-08-29
102616723,2026-08-29T16:32:32.6259543,2775.170101,2735.995747,5550.340202,2,32303899,2026-08-29
102853219,2026-08-29T23:36:48.2320744,2774.712883,2770.695318,5549.425766,2,32398857,2026-08-29
102085373,2026-08-29T00:40:31.8553561,2774.665251,2770.519325,5549.330503,2,31587861,2026-08-29
102279573,2026-08-29T06:28:36.5299463,2774.662543,2751.205319,5549.325085,2,32450964,2026-08-29
102648020,2026-08-29T17:28:41.2211339,2774.531665,2759.384944,5549.06333,2,32558138,2026-08-29
102563135,2026-08-29T14:56:37.7161266,2774.479553,2772.034272,5548.959106,2,32206680,2026-08-29
102067349,2026-08-29T00:08:30.4809314,2773.822431,2721.852524,5547.644862,2,32444787,2026-08-29
102799574,2026-08-29T22:00:42.2790594,2773.583881,2772.022676,5547.167762,2,32564051,2026-08-29
102107602,2026-08-29T01:20:29.7426410,2773.463353,2737.347981,5546.926706,2,31753067,2026-08-29
102453789,2026-08-29T11:40:30.0383350,2773.369212,2767.553586,5546.738424,2,32405304,2026-08-29
102375637,2026-08-29T09:20:29.6600705,2773.358777,2749.560918,5546.717554,2,31402611,2026-08-29
102688030,2026-08-29T18:40:36.6635837,2772.669191,2762.015122,5545.338383,2,32527033,2026-08-29
102129938,2026-08-29T02:00:29.8086965,2771.581201,2758.485114,5543.162403,2,32628625,2026-08-29
102685821,2026-08-29T18:36:36.8992127,2771.313343,2699.226981,5542.626687,2,32523289,2026-08-29
102123231,2026-08-29T01:48:30.8344681,2770.275049,2762.411173,5540.550098,2,32626495,2026-08-29
102801802,2026-08-29T22:04:38.3199750,2770.226944,2768.533989,5540.453889,2,32701364,2026-08-29
102558605,2026-08-29T14:48:39.8643314,2769.803077,2708.793075,5539.606153,2,32104731,2026-08-29
102527239,2026-08-29T13:52:35.6478112,2769.795488,2712.374094,5539.590975,2,32616748,2026-08-29
102509606,2026-08-29T13:20:33.5197823,2769.576565,2763.126443,5539.153131,2,32445378,2026-08-29
102784078,2026-08-29T21:32:37.9390554,2769.472306,2754.059642,5538.944612,2,32448675,2026-08-29
102083142,2026-08-29T00:36:28.7736413,2769.338971,2767.661588,5538.677943,2,32600343,2026-08-29
102824228,2026-08-29T22:44:40.4107297,2769.331529,2746.452325,5538.663059,2,31535683,2026-08-29
102431396,2026-08-29T11:00:29.6157977,2768.992747,2728.267057,5537.985493,2,31893857,2026-08-29
102792875,2026-08-29T21:48:41.9312197,2768.75108,2757.655445,5537.502159,2,32560204,2026-08-29
102661433,2026-08-29T17:52:35.6087502,2768.743809,2766.433334,5537.487619,2,32519072,2026-08-29
102549711,2026-08-29T14:32:31.3417760,2768.660367,2751.202503,5537.320734,2,32302973,2026-08-29
102712628,2026-08-29T19:24:35.6008009,2768.352587,2758.816891,5536.705175,2,32686295,2026-08-29
102781707,2026-08-29T21:28:45.3090593,2768.350032,2740.45793,5536.700064,2,32433963,2026-08-29
102810655,2026-08-29T22:20:38.2074947,2768.190206,2750.008477,5536.380412,2,32557080,2026-08-29
102337681,2026-08-29T08:12:36.5129855,2767.720147,2743.360562,5535.440295,2,32569322,2026-08-29
102616645,2026-08-29T16:32:32.5103402,2767.375925,2741.30897,5534.751849,2,32243301,2026-08-29
102726201,2026-08-29T19:48:38.2468240,2766.930703,2759.890793,5533.861405,2,32564838,2026-08-29
102087420,2026-08-29T00:44:30.6723245,2766.460309,2735.508409,5532.920618,2,32403280,2026-08-29
102819583,2026-08-29T22:36:39.7729190,2766.394199,2717.919174,5532.788398,2,32513810,2026-08-29
102585385,2026-08-29T15:36:41.6721399,2766.317122,2749.166881,5532.634244,2,32217464,2026-08-29
102748382,2026-08-29T20:28:41.7147143,2766.248811,2725.71613,5532.497622,2,32533080,2026-08-29
102346518,2026-08-29T08:28:30.3493807,2765.794553,2757.248011,5531.589106,2,32249917,2026-08-29
102281687,2026-08-29T06:32:34.4042195,2765.740477,2734.609574,5531.480954,2,31198969,2026-08-29
102556429,2026-08-29T14:44:36.0084484,2765.618103,2762.637916,5531.236206,2,32520142,2026-08-29
102679138,2026-08-29T18:24:35.7117312,2765.515387,2762.722035,5531.030775,2,32705424,2026-08-29
102645778,2026-08-29T17:24:40.1260572,2765.0,2751.550397,5530.0,2,31822347,2026-08-29
102683587,2026-08-29T18:32:35.4320850,2764.592505,2760.054535,5529.185009,2,32242980,2026-08-29
102359915,2026-08-29T08:52:36.9305278,2764.538488,2746.109833,5529.076976,2,31265972,2026-08-29
102614389,2026-08-29T16:28:42.2273234,2764.099706,2745.124368,5528.199411,2,32300436,2026-08-29
102375639,2026-08-29T09:20:29.6616545,2763.921886,2737.184033,5527.843773,2,32423588,2026-08-29
102174685,2026-08-29T03:20:29.0028999,2763.705194,2718.878835,5527.410387,2,32472419,2026-08-29
102366622,2026-08-29T09:04:28.8648117,2763.509633,2760.777255,5527.019266,2,32401413,2026-08-29
102685887,2026-08-29T18:36:37.0269987,2763.354014,2734.39101,5526.708029,2,32465899,2026-08-29
102643544,2026-08-29T17:20:38.2306961,2763.261933,2758.051545,5526.523866,2,32504634,2026-08-29
102188127,2026-08-29T03:44:30.0073923,2763.224943,2752.743298,5526.449886,2,32318535,2026-08-29
102587627,2026-08-29T15:40:46.0507441,2763.125436,2733.328968,5526.250872,2,32384100,2026-08-29
102078531,2026-08-29T00:28:30.5706051,2762.372728,2741.144809,5524.745457,2,32445836,2026-08-29
102527305,2026-08-29T13:52:35.7634717,2762.036557,2738.447485,5524.073113,2,32238953,2026-08-29
102362150,2026-08-29T08:56:42.0158785,2761.550175,2752.115614,5523.10035,2,32404994,2026-08-29
102792804,2026-08-29T21:48:41.8315098,2761.506817,2731.231698,5523.013634,2,32551753,2026-08-29
102286171,2026-08-29T06:40:33.9138677,2760.992005,2749.576231,5521.984011,2,32554747,2026-08-29
102411290,2026-08-29T10:24:33.6188398,2760.023782,2733.315441,5520.047565,2,31622071,2026-08-29
102578653,2026-08-29T15:24:36.4711358,2760.023405,2743.88947,5520.04681,2,32263412,2026-08-29
102734962,2026-08-29T20:04:37.5221876,2759.741553,2688.423669,5519.483106,2,32333095,2026-08-29
102598718,2026-08-29T16:00:51.9174740,2759.741499,2747.675249,5519.482997,2,32403510,2026-08-29
102174696,2026-08-29T03:20:29.0074699,2759.678095,2750.817362,5519.356189,2,31739446,2026-08-29
102783948,2026-08-29T21:32:37.7305853,2759.544686,2747.126359,5519.089373,2,32698888,2026-08-29
102685819,2026-08-29T18:36:36.8820996,2759.453097,2745.558643,5518.906194,2,32366591,2026-08-29
102790649,2026-08-29T21:44:40.7124326,2759.315223,2751.58646,5518.630445,2,32696590,2026-08-29
102554192,2026-08-29T14:40:35.2525756,2759.09162,2755.53064,5518.183241,2,32110580,2026-08-29
102569824,2026-08-29T15:08:41.7311726,2758.970278,2702.938098,5517.940556,2,32386139,2026-08-29
102449216,2026-08-29T11:32:29.7162011,2758.762787,2756.931499,5517.525574,2,32558132,2026-08-29
102440331,2026-08-29T11:16:30.3451853,2758.300319,2756.797886,5516.600639,2,32577644,2026-08-29
102801727,2026-08-29T22:04:38.2185198,2758.189119,2750.487884,5516.378238,2,32406503,2026-08-29
102853191,2026-08-29T23:36:48.1460157,2757.949415,2741.676021,5515.89883,2,32408661,2026-08-29
102830836,2026-08-29T22:56:39.6754995,2757.949415,2745.774872,5515.89883,2,32418849,2026-08-29
102433555,2026-08-29T11:04:28.6296949,2757.536575,2733.840735,5515.073149,2,31224859,2026-08-29
102560904,2026-08-29T14:52:38.4452561,2757.133914,2748.027459,5514.267828,2,32391330,2026-08-29
102096426,2026-08-29T01:00:29.9254532,2757.006556,2748.448448,5514.013112,2,32639770,2026-08-29
102848673,2026-08-29T23:28:51.9453541,2756.792725,2751.289373,5513.58545,2,31255119,2026-08-29
102748463,2026-08-29T20:28:41.8357405,2756.413486,2702.890081,5512.826973,2,32459374,2026-08-29
102266215,2026-08-29T06:04:33.7394819,2756.314482,2749.844608,5512.628964,2,32627644,2026-08-29
102710380,2026-08-29T19:20:37.6135321,2756.071288,2748.038412,5512.142577,2,32473706,2026-08-29
102839775,2026-08-29T23:12:42.2118536,2755.003532,2742.873938,5510.007063,2,32565831,2026-08-29
102803960,2026-08-29T22:08:40.8407268,2754.966561,2750.338264,5509.933122,2,31320731,2026-08-29
102513816,2026-08-29T13:28:36.5207420,2754.889552,2751.463072,5509.779105,2,32414553,2026-08-29
102639061,2026-08-29T17:12:42.0366872,2754.700462,2747.25354,5509.400925,2,32229199,2026-08-29
102442511,2026-08-29T11:20:29.9060599,2754.298856,2752.218969,5508.597711,2,32558376,2026-08-29
102366712,2026-08-29T09:04:29.0554679,2753.709242,2736.289612,5507.418484,2,32049092,2026-08-29
102391261,2026-08-29T09:48:31.2347316,2753.704917,2737.080422,5507.409834,2,32566915,2026-08-29
102109835,2026-08-29T01:24:29.7332166,2753.615543,2744.539532,5507.231087,2,32323438,2026-08-29
102080719,2026-08-29T00:32:28.5272199,2753.571843,2750.029223,5507.143685,2,32297137,2026-08-29
102114403,2026-08-29T01:32:30.5566870,2753.541669,2742.204646,5507.083337,2,32433019,2026-08-29
102288403,2026-08-29T06:44:33.1113265,2753.45251,2750.612379,5506.905019,2,32738843,2026-08-29
102583135,2026-08-29T15:32:35.8104800,2753.356872,2709.105572,5506.713745,2,32355400,2026-08-29
102797262,2026-08-29T21:56:39.2050972,2753.325585,2751.809523,5506.65117,2,31370550,2026-08-29
102301827,2026-08-29T07:08:31.3168023,2753.25452,2740.902257,5506.50904,2,32744988,2026-08-29
102143381,2026-08-29T02:24:30.4704156,2753.210113,2748.807505,5506.420226,2,32610333,2026-08-29
102297351,2026-08-29T07:00:32.6293882,2752.974746,2750.712118,5505.949493,2,32449562,2026-08-29
102621118,2026-08-29T16:40:33.7561178,2752.878079,2693.234773,5505.756157,2,32449364,2026-08-29
102543000,2026-08-29T14:20:31.6058806,2752.86279,2732.210902,5505.725579,2,32555464,2026-08-29
102440263,2026-08-29T11:16:30.2395386,2752.722274,2750.366047,5505.444548,2,32702823,2026-08-29
102795116,2026-08-29T21:52:40.5497559,2751.392735,2740.097858,5502.78547,2,32570458,2026-08-29
102636824,2026-08-29T17:08:35.7561229,2751.37849,2732.141845,5502.756981,2,32560261,2026-08-29
102116537,2026-08-29T01:36:29.4232236,2750.32599,2737.971094,5500.651981,2,32436158,2026-08-29
102464773,2026-08-29T12:00:30.4560890,2750.167787,2725.114029,5500.335574,2,32450951,2026-08-29
102489476,2026-08-29T12:44:39.2219137,2749.980517,2715.2122,5499.961034,2,32148175,2026-08-29
102502613,2026-08-29T13:08:37.2440476,2749.55438,2738.621765,5499.10876,2,32266212,2026-08-29
102632359,2026-08-29T17:00:33.7316588,2749.403087,2742.336977,5498.806175,2,32561500,2026-08-29
102779478,2026-08-29T21:24:39.4370711,2747.823131,2732.863008,5495.646261,2,31454899,2026-08-29
102082990,2026-08-29T00:36:28.5628022,2747.816425,2738.674715,5495.632849,2,32281272,2026-08-29
102641401,2026-08-29T17:16:37.2539817,2746.966894,2707.322711,5493.933787,2,32433687,2026-08-29
102243909,2026-08-29T05:24:33.1136836,2746.658372,2728.601725,5493.316745,2,30383137,2026-08-29
102337637,2026-08-29T08:12:36.4331998,2746.594768,2745.987897,5493.189537,2,32636272,2026-08-29
102389026,2026-08-29T09:44:28.6665123,2746.498989,2731.605958,5492.997977,2,32615654,2026-08-29
102792964,2026-08-29T21:48:42.0615297,2745.977905,2723.513896,5491.95581,2,32555537,2026-08-29
102574301,2026-08-29T15:16:37.3454003,2745.937713,2704.13024,5491.875427,2,31051623,2026-08-29
102808547,2026-08-29T22:16:39.2527492,2745.446631,2721.044712,5490.893262,2,32404073,2026-08-29
102310772,2026-08-29T07:24:28.5666708,2745.430452,2701.831118,5490.860904,2,32536905,2026-08-29
102150172,2026-08-29T02:36:29.5892674,2745.376726,2733.720313,5490.753453,2,32136303,2026-08-29
102446982,2026-08-29T11:28:32.1145227,2745.365367,2724.31803,5490.730734,2,32746467,2026-08-29
102313016,2026-08-29T07:28:31.2402163,2745.336482,2708.618493,5490.672963,2,32345115,2026-08-29
102603206,2026-08-29T16:08:41.3211305,2745.238074,2715.549276,5490.476148,2,32458650,2026-08-29
102511575,2026-08-29T13:24:33.2909719,2744.789059,2731.906513,5489.578118,2,30871127,2026-08-29
102498220,2026-08-29T13:00:34.0307695,2744.720592,2723.853639,5489.441185,2,32415692,2026-08-29
102674691,2026-08-29T18:16:36.4115197,2743.990681,2742.632776,5487.981361,2,32590300,2026-08-29
102538503,2026-08-29T14:12:32.6133656,2743.712704,2743.043014,5487.425408,2,32321504,2026-08-29
102576541,2026-08-29T15:20:38.4382773,2743.642903,2712.031138,5487.285806,2,32338531,2026-08-29
102283928,2026-08-29T06:36:34.0358767,2743.53068,2741.926424,5487.06136,2,32599204,2026-08-29
102543110,2026-08-29T14:20:31.7748356,2743.486746,2695.584859,5486.973491,2,32450437,2026-08-29
102679121,2026-08-29T18:24:35.6796357,2743.068591,2738.103691,5486.137182,2,32527669,2026-08-29
102181384,2026-08-29T03:32:28.8590955,2742.964693,2733.300785,5485.929385,2,32624033,2026-08-29
102677146,2026-08-29T18:20:37.1297546,2742.8357,2717.28834,5485.6714,2,31446883,2026-08-29
102777395,2026-08-29T21:20:40.8236401,2742.534493,2720.526235,5485.068986,2,32399369,2026-08-29
102335390,2026-08-29T08:08:30.5446962,2742.499487,2709.035125,5484.998973,2,32437666,2026-08-29
102549659,2026-08-29T14:32:31.2429719,2742.481492,2707.729409,5484.962984,2,32512898,2026-08-29
102487150,2026-08-29T12:40:32.7337107,2742.327977,2713.599428,5484.655953,2,32566648,2026-08-29
102085230,2026-08-29T00:40:31.6346129,2742.100819,2728.634937,5484.201638,2,32447974,2026-08-29
102346485,2026-08-29T08:28:30.3179599,2741.98282,2714.70746,5483.965641,2,32418564,2026-08-29
102493982,2026-08-29T12:52:33.0337111,2741.74826,2719.737797,5483.49652,2,32625211,2026-08-29
102496081,2026-08-29T12:56:32.8971952,2741.670872,2695.409995,5483.341743,2,31098576,2026-08-29
102837653,2026-08-29T23:08:39.6924616,2741.619884,2708.03681,5483.239767,2,32432870,2026-08-29
102848785,2026-08-29T23:28:52.1197053,2741.385282,2712.357523,5482.770563,2,32461216,2026-08-29
102078489,2026-08-29T00:28:30.5212929,2741.174491,2739.323778,5482.348981,2,32398941,2026-08-29
102652483,2026-08-29T17:36:40.5175819,2740.871595,2711.722344,5481.743191,2,32605512,2026-08-29
102516044,2026-08-29T13:32:32.6788691,2740.733191,2715.346583,5481.466383,2,32061018,2026-08-29
102335330,2026-08-29T08:08:30.4513830,2740.355658,2714.721115,5480.711316,2,32484023,2026-08-29
102444750,2026-08-29T11:24:30.1314876,2740.084296,2718.728619,5480.168592,2,32575258,2026-08-29
102094187,2026-08-29T00:56:29.7061184,2740.021572,2739.743163,5480.043144,2,32455292,2026-08-29
102339808,2026-08-29T08:16:30.0174333,2739.963861,2714.594437,5479.927722,2,32562768,2026-08-29
102313119,2026-08-29T07:28:31.4293245,2739.926857,2718.248385,5479.853714,2,32433405,2026-08-29
102534021,2026-08-29T14:04:37.7499114,2739.702172,2730.344313,5479.404343,2,32429308,2026-08-29
102190128,2026-08-29T03:48:30.8195532,2739.664189,2694.089888,5479.328378,2,31968876,2026-08-29
102634589,2026-08-29T17:04:36.8615446,2739.461631,2715.419171,5478.923263,2,32634189,2026-08-29
102109920,2026-08-29T01:24:29.9041520,2739.33208,2733.484097,5478.66416,2,32440969,2026-08-29
102592272,2026-08-29T15:48:48.2614868,2738.776502,2701.39318,5477.553005,2,31108282,2026-08-29
102408936,2026-08-29T10:20:33.9104112,2738.618893,2717.205509,5477.237787,2,32558040,2026-08-29
102065094,2026-08-29T00:04:28.6217681,2738.490357,2729.198093,5476.980714,2,32436465,2026-08-29
102279559,2026-08-29T06:28:36.5194328,2738.434172,2721.583008,5476.868345,2,32435749,2026-08-29
102571934,2026-08-29T15:12:37.9639347,2737.610669,2737.025702,5475.221339,2,32305344,2026-08-29
102205861,2026-08-29T04:16:32.7129162,2737.511967,2732.572306,5475.023934,2,32518355,2026-08-29
102681427,2026-08-29T18:28:37.8178850,2737.23519,2698.844057,5474.470381,2,32416130,2026-08-29
102366678,2026-08-29T09:04:29.0189495,2736.902971,2708.780919,5473.805942,2,32389383,2026-08-29
102567567,2026-08-29T15:04:39.7130431,2736.741054,2707.159933,5473.482108,2,32379888,2026-08-29
102681352,2026-08-29T18:28:37.7061271,2736.400044,2709.041147,5472.800088,2,32557303,2026-08-29
102663732,2026-08-29T17:56:36.3330821,2736.304068,2697.174728,5472.608136,2,32504451,2026-08-29
102342039,2026-08-29T08:20:28.9987502,2736.226342,2731.284861,5472.452684,2,32760761,2026-08-29
102551885,2026-08-29T14:36:32.7201941,2735.610635,2714.621737,5471.221271,2,32524964,2026-08-29
102451456,2026-08-29T11:36:30.3028234,2735.504266,2705.963807,5471.008531,2,32216990,2026-08-29
102344282,2026-08-29T08:24:29.2162171,2735.239619,2705.684072,5470.479239,2,32574880,2026-08-29
102717091,2026-08-29T19:32:34.9415261,2735.206105,2699.113934,5470.41221,2,32581934,2026-08-29
102330847,2026-08-29T08:00:28.6210440,2735.128784,2714.290664,5470.257568,2,32375869,2026-08-29
102797444,2026-08-29T21:56:39.4328148,2735.00091,2708.512299,5470.00182,2,32387198,2026-08-29
102804030,2026-08-29T22:08:41.0098767,2734.908683,2694.170391,5469.817366,2,32523761,2026-08-29
102547420,2026-08-29T14:28:33.3282824,2734.69864,2714.295605,5469.39728,2,32085728,2026-08-29
102788415,2026-08-29T21:40:39.9492797,2734.439007,2723.34357,5468.878014,2,32677857,2026-08-29
102656956,2026-08-29T17:44:36.4268990,2734.183425,2686.18905,5468.36685,2,32478545,2026-08-29
102080767,2026-08-29T00:32:28.6035233,2734.178213,2727.902585,5468.356426,2,32459602,2026-08-29
102082949,2026-08-29T00:36:28.5172105,2733.530491,2697.096977,5467.060983,2,32247623,2026-08-29
102083141,2026-08-29T00:36:28.7726482,2733.309025,2692.272773,5466.61805,2,31570178,2026-08-29
102750665,2026-08-29T20:32:39.3314528,2733.189655,2699.746192,5466.379311,2,32620180,2026-08-29
102333093,2026-08-29T08:04:28.8113013,2733.053225,2705.124204,5466.106451,2,32410949,2026-08-29
102650243,2026-08-29T17:32:38.4189778,2732.937899,2701.172728,5465.875798,2,32692700,2026-08-29
102145645,2026-08-29T02:28:32.0229775,2732.681932,2712.581507,5465.363865,2,31253952,2026-08-29
102293010,2026-08-29T06:52:32.6178451,2732.479362,2724.236609,5464.958724,2,32411998,2026-08-29
102574170,2026-08-29T15:16:37.1391279,2732.11495,2712.423345,5464.229901,2,32448906,2026-08-29
102216977,2026-08-29T04:36:34.3235889,2731.879978,2696.104552,5463.759956,2,32040089,2026-08-29
102299586,2026-08-29T07:04:31.8321754,2731.737469,2703.33691,5463.474939,2,32568018,2026-08-29
102509338,2026-08-29T13:20:33.0906218,2731.613174,2712.765793,5463.226348,2,31276637,2026-08-29
102576404,2026-08-29T15:20:38.2230493,2731.595606,2699.69687,5463.191213,2,32384224,2026-08-29
102763891,2026-08-29T20:56:40.1261574,2731.302562,2704.70107,5462.605125,2,32580221,2026-08-29
102824214,2026-08-29T22:44:40.4005464,2731.123827,2717.949251,5462.247653,2,30988483,2026-08-29
102770570,2026-08-29T21:08:42.5022124,2731.11807,2709.747081,5462.23614,2,32303261,2026-08-29
102295115,2026-08-29T06:56:31.4758166,2730.947468,2712.822437,5461.894937,2,31212705,2026-08-29
102795038,2026-08-29T21:52:40.4268785,2730.224379,2719.219445,5460.448758,2,32553544,2026-08-29
102670205,2026-08-29T18:08:38.3993290,2730.104066,2725.958574,5460.208132,2,32574003,2026-08-29
102201381,2026-08-29T04:08:34.1441127,2729.794992,2723.946883,5459.589984,2,32429791,2026-08-29
102112156,2026-08-29T01:28:32.5383039,2729.716055,2716.55636,5459.43211,2,32475656,2026-08-29
102552024,2026-08-29T14:36:33.0077137,2729.457086,2691.728231,5458.914172,2,32231627,2026-08-29
102630123,2026-08-29T16:56:31.5536686,2729.433146,2710.69283,5458.866292,2,32551763,2026-08-29
102797343,2026-08-29T21:56:39.3110072,2729.38318,2692.093613,5458.766361,2,32506687,2026-08-29
102777414,2026-08-29T21:20:40.8450762,2729.20053,2701.415529,5458.401061,2,32675469,2026-08-29
102601001,2026-08-29T16:04:35.0405894,2728.79082,2696.068033,5457.58164,2,32049227,2026-08-29
102076300,2026-08-29T00:24:29.6251079,2728.660903,2727.561282,5457.321806,2,32454636,2026-08-29
102799490,2026-08-29T22:00:42.1582198,2728.602574,2697.510331,5457.205149,2,32527299,2026-08-29
102619050,2026-08-29T16:36:37.4504943,2728.46191,2706.811224,5456.92382,2,31181507,2026-08-29
102339821,2026-08-29T08:16:30.0314466,2728.321522,2725.618503,5456.643044,2,32547307,2026-08-29
102667976,2026-08-29T18:04:35.8474450,2728.303912,2727.495959,5456.607824,2,32579655,2026-08-29
102337576,2026-08-29T08:12:36.3248393,2727.847994,2719.929174,5455.695987,2,32557895,2026-08-29
102826416,2026-08-29T22:48:41.4123327,2727.712507,2688.704579,5455.425015,2,32756062,2026-08-29
102190210,2026-08-29T03:48:30.9515015,2727.411745,2707.552078,5454.82349,2,32612730,2026-08-29
102759654,2026-08-29T20:48:46.2093105,2727.319671,2696.921694,5454.639343,2,32358482,2026-08-29
102208023,2026-08-29T04:20:33.5169769,2727.152819,2706.940558,5454.305638,2,32437393,2026-08-29
102270520,2026-08-29T06:12:32.9401631,2727.085655,2699.003434,5454.17131,2,32584995,2026-08-29
102326376,2026-08-29T07:52:28.9643055,2727.083935,2708.85725,5454.16787,2,32484988,2026-08-29
102529542,2026-08-29T13:56:34.5413773,2727.007851,2723.928402,5454.015703,2,31518490,2026-08-29
102547476,2026-08-29T14:28:33.4205343,2726.813581,2709.800627,5453.627163,2,30827077,2026-08-29
102080904,2026-08-29T00:32:28.7694601,2726.676179,2704.926302,5453.352358,2,32336751,2026-08-29
102342029,2026-08-29T08:20:28.9319845,2726.559407,2714.823191,5453.118815,2,32421100,2026-08-29
102692510,2026-08-29T18:48:37.2337745,2726.456925,2714.255165,5452.913851,2,32283739,2026-08-29
102862048,2026-08-29T23:52:44.9338361,2726.351265,2705.866106,5452.702531,2,32434130,2026-08-29
102520529,2026-08-29T13:40:31.0407729,2726.240003,2659.270532,5452.480006,2,32484539,2026-08-29
102321903,2026-08-29T07:44:28.8039004,2726.20374,2718.705301,5452.407479,2,32570424,2026-08-29
102069591,2026-08-29T00:12:29.1039228,2726.151241,2712.054324,5452.302481,2,32246246,2026-08-29
102252783,2026-08-29T05:40:32.3697878,2725.704004,2706.434447,5451.408007,2,31236173,2026-08-29
102357672,2026-08-29T08:48:36.6274834,2725.065841,2710.559976,5450.131683,2,32310931,2026-08-29
102431414,2026-08-29T11:00:29.6361792,2724.920876,2670.227256,5449.841752,2,32733601,2026-08-29
102364469,2026-08-29T09:00:31.3380593,2724.8985,2706.323729,5449.796999,2,32252944,2026-08-29
102426833,2026-08-29T10:52:28.8685778,2724.861693,2722.668225,5449.723385,2,32577672,2026-08-29
102199146,2026-08-29T04:04:29.5499094,2724.501168,2718.109844,5449.002337,2,32420322,2026-08-29
102625629,2026-08-29T16:48:34.6250462,2724.465734,2714.727721,5448.931469,2,32428299,2026-08-29
102132232,2026-08-29T02:04:30.7351846,2724.385867,2717.04122,5448.771734,2,32572466,2026-08-29
102699210,2026-08-29T19:00:35.0646968,2724.355901,2722.874718,5448.711803,2,32435760,2026-08-29
102752906,2026-08-29T20:36:40.2734003,2724.295424,2721.177789,5448.590849,2,32289271,2026-08-29
102391046,2026-08-29T09:48:30.8285551,2724.008828,2658.975151,5448.017657,2,32395956,2026-08-29
102237133,2026-08-29T05:12:33.3429254,2723.797186,2705.528055,5447.594371,2,32442660,2026-08-29
102786175,2026-08-29T21:36:40.7125706,2723.717419,2695.53697,5447.434838,2,32590470,2026-08-29
102460289,2026-08-29T11:52:29.8273159,2723.497779,2723.207852,5446.995558,2,32507989,2026-08-29
102330861,2026-08-29T08:00:28.6387677,2722.974118,2703.371078,5445.948236,2,32396976,2026-08-29
102859850,2026-08-29T23:48:52.0361020,2722.96508,2717.660156,5445.930161,2,30953897,2026-08-29
102143389,2026-08-29T02:24:30.4979236,2722.478013,2700.946973,5444.956027,2,32438428,2026-08-29
102261664,2026-08-29T05:56:33.9049261,2722.472206,2704.894078,5444.944412,2,30781012,2026-08-29
102118885,2026-08-29T01:40:29.4039849,2722.438469,2667.228603,5444.876939,2,32448671,2026-08-29
102618896,2026-08-29T16:36:37.2040960,2722.355963,2708.554002,5444.711927,2,32561834,2026-08-29
102147918,2026-08-29T02:32:31.8194720,2722.352379,2680.509933,5444.704758,2,32219523,2026-08-29
102355428,2026-08-29T08:44:28.9242138,2722.343761,2710.350025,5444.687521,2,32402998,2026-08-29
102328615,2026-08-29T07:56:28.4102027,2722.339965,2694.145353,5444.679931,2,32712219,2026-08-29
102518349,2026-08-29T13:36:32.7183669,2722.252901,2719.164375,5444.505803,2,32569726,2026-08-29
102558664,2026-08-29T14:48:39.9664099,2721.670603,2682.521689,5443.341206,2,32072503,2026-08-29
102292975,2026-08-29T06:52:32.5529082,2721.635225,2707.013829,5443.270451,2,30895899,2026-08-29
